Kernel Name,dram__throughput.avg.pct_of_peak_sustained_elapsed,gpu__time_duration.sum[us],lts__t_sectors.avg.pct_of_peak_sustained_elapsed
"void cask_cudnn::computeOffsetsKernel<(bool)0, (bool)0>(cask_cudnn::ComputeOffsetsParams)",0.05,4.448,0.81
cudnn_ampere_scudnn_128x32_relu_small_nn_v1,16.69,380.704,10.12
"void cudnn::bn_fw_inf_1C11_kernel_NCHW<float, float, (bool)1, (int)1>(T2, T2, cudnnTensorStruct, const T1 *, cudnnTensorStruct, T1 *, cudnnTensorStruct, const T2 *, const T2 *, const T2 *, const T2 *, T2)",37.81,262.784,19.37
"void at::native::vectorized_elementwise_kernel<(int)4, at::native::<unnamed>::launch_clamp_scalar(at::TensorIteratorBase &, c10::Scalar, c10::Scalar, at::native::detail::ClampLimits)::[lambda() (instance 1)]::operator ()() const::[lambda() (instance 14)]::operator ()() const::[lambda(float) (instance 1)], at::detail::Array<char *, (int)2>>(int, T2, T3)",71.49,135.2,32.72
"void at::native::<unnamed>::conv_depthwise2d_forward_kernel<(int)3, float, int>(at::GenericPackedTensorAccessor<T2, (unsigned long)4, at::DefaultPtrTraits, int>, at::GenericPackedTensorAccessor<T2, (unsigned long)4, at::DefaultPtrTraits, int>, at::GenericPackedTensorAccessor<T2, (unsigned long)4, at::DefaultPtrTraits, int>, at::GenericPackedTensorAccessor<T2, (unsigned long)1, at::DefaultPtrTraits, int>, bool, T3, int, int, int, int, int, int, int, int, int, int, int, int, int, int)",9.16,1091.456,5.09
"void cudnn::bn_fw_inf_1C11_kernel_NCHW<float, float, (bool)1, (int)1>(T2, T2, cudnnTensorStruct, const T1 *, cudnnTensorStruct, T1 *, cudnnTensorStruct, const T2 *, const T2 *, const T2 *, const T2 *, T2)",37.71,263.52,19.37
"void at::native::vectorized_elementwise_kernel<(int)4, at::native::<unnamed>::launch_clamp_scalar(at::TensorIteratorBase &, c10::Scalar, c10::Scalar, at::native::detail::ClampLimits)::[lambda() (instance 1)]::operator ()() const::[lambda() (instance 14)]::operator ()() const::[lambda(float) (instance 1)], at::detail::Array<char *, (int)2>>(int, T2, T3)",71.39,135.392,32.79
"void cask_cudnn::computeOffsetsKernel<(bool)0, (bool)0>(cask_cudnn::ComputeOffsetsParams)",0.05,4.608,0.99
cudnn_ampere_scudnn_128x32_relu_interior_nn_v1,19.2,391.36,9.9
"void cudnn::bn_fw_inf_1C11_kernel_NCHW<float, float, (bool)1, (int)1>(T2, T2, cudnnTensorStruct, const T1 *, cudnnTensorStruct, T1 *, cudnnTensorStruct, const T2 *, const T2 *, const T2 *, const T2 *, T2)",33.89,136.608,18.14
void cutlass::Kernel<cutlass_80_tensorop_s1688gemm_256x64_16x4_nn_align4>(T1::Params),36.53,482.368,21.32
"void cudnn::bn_fw_inf_1C11_kernel_NCHW<float, float, (bool)1, (int)1>(T2, T2, cudnnTensorStruct, const T1 *, cudnnTensorStruct, T1 *, cudnnTensorStruct, const T2 *, const T2 *, const T2 *, const T2 *, T2)",40.35,772.576,20.21
"void at::native::vectorized_elementwise_kernel<(int)4, at::native::<unnamed>::launch_clamp_scalar(at::TensorIteratorBase &, c10::Scalar, c10::Scalar, at::native::detail::ClampLimits)::[lambda() (instance 1)]::operator ()() const::[lambda() (instance 14)]::operator ()() const::[lambda(float) (instance 1)], at::detail::Array<char *, (int)2>>(int, T2, T3)",76.72,402.624,33.82
"void at::native::<unnamed>::conv_depthwise2d_forward_kernel<(int)3, float, int>(at::GenericPackedTensorAccessor<T2, (unsigned long)4, at::DefaultPtrTraits, int>, at::GenericPackedTensorAccessor<T2, (unsigned long)4, at::DefaultPtrTraits, int>, at::GenericPackedTensorAccessor<T2, (unsigned long)4, at::DefaultPtrTraits, int>, at::GenericPackedTensorAccessor<T2, (unsigned long)1, at::DefaultPtrTraits, int>, bool, T3, int, int, int, int, int, int, int, int, int, int, int, int, int, int)",23.64,833.12,11.9
"void cudnn::bn_fw_inf_1C11_kernel_NCHW<float, float, (bool)1, (int)1>(T2, T2, cudnnTensorStruct, const T1 *, cudnnTensorStruct, T1 *, cudnnTensorStruct, const T2 *, const T2 *, const T2 *, const T2 *, T2)",33.56,217.472,17.43
"void at::native::vectorized_elementwise_kernel<(int)4, at::native::<unnamed>::launch_clamp_scalar(at::TensorIteratorBase &, c10::Scalar, c10::Scalar, at::native::detail::ClampLimits)::[lambda() (instance 1)]::operator ()() const::[lambda() (instance 14)]::operator ()() const::[lambda(float) (instance 1)], at::detail::Array<char *, (int)2>>(int, T2, T3)",68.59,101.984,32.28
void cutlass::Kernel<cutlass_80_tensorop_s1688gemm_256x64_16x4_nn_align4>(T1::Params),42.81,110.08,22.05
"void cudnn::bn_fw_inf_1C11_kernel_NCHW<float, float, (bool)1, (int)1>(T2, T2, cudnnTensorStruct, const T1 *, cudnnTensorStruct, T1 *, cudnnTensorStruct, const T2 *, const T2 *, const T2 *, const T2 *, T2)",24.28,54.592,15.29
void cutlass::Kernel<cutlass_80_tensorop_s1688gemm_256x64_16x4_nn_align4>(T1::Params),27.63,217.312,19.11
"void cudnn::bn_fw_inf_1C11_kernel_NCHW<float, float, (bool)1, (int)1>(T2, T2, cudnnTensorStruct, const T1 *, cudnnTensorStruct, T1 *, cudnnTensorStruct, const T2 *, const T2 *, const T2 *, const T2 *, T2)",34.84,324.0,17.82
"void at::native::vectorized_elementwise_kernel<(int)4, at::native::<unnamed>::launch_clamp_scalar(at::TensorIteratorBase &, c10::Scalar, c10::Scalar, at::native::detail::ClampLimits)::[lambda() (instance 1)]::operator ()() const::[lambda() (instance 14)]::operator ()() const::[lambda(float) (instance 1)], at::detail::Array<char *, (int)2>>(int, T2, T3)",72.27,152.032,32.97
"void at::native::<unnamed>::conv_depthwise2d_forward_kernel<(int)3, float, int>(at::GenericPackedTensorAccessor<T2, (unsigned long)4, at::DefaultPtrTraits, int>, at::GenericPackedTensorAccessor<T2, (unsigned long)4, at::DefaultPtrTraits, int>, at::GenericPackedTensorAccessor<T2, (unsigned long)4, at::DefaultPtrTraits, int>, at::GenericPackedTensorAccessor<T2, (unsigned long)1, at::DefaultPtrTraits, int>, bool, T3, int, int, int, int, int, int, int, int, int, int, int, int, int, int)",9.2,1228.256,4.94
"void cudnn::bn_fw_inf_1C11_kernel_NCHW<float, float, (bool)1, (int)1>(T2, T2, cudnnTensorStruct, const T1 *, cudnnTensorStruct, T1 *, cudnnTensorStruct, const T2 *, const T2 *, const T2 *, const T2 *, T2)",34.79,324.32,17.79
"void at::native::vectorized_elementwise_kernel<(int)4, at::native::<unnamed>::launch_clamp_scalar(at::TensorIteratorBase &, c10::Scalar, c10::Scalar, at::native::detail::ClampLimits)::[lambda() (instance 1)]::operator ()() const::[lambda() (instance 14)]::operator ()() const::[lambda(float) (instance 1)], at::detail::Array<char *, (int)2>>(int, T2, T3)",72.39,151.776,33.15
void cutlass::Kernel<cutlass_80_tensorop_s1688gemm_256x64_16x4_nn_align4>(T1::Params),48.27,140.48,24.64
"void cudnn::bn_fw_inf_1C11_kernel_NCHW<float, float, (bool)1, (int)1>(T2, T2, cudnnTensorStruct, const T1 *, cudnnTensorStruct, T1 *, cudnnTensorStruct, const T2 *, const T2 *, const T2 *, const T2 *, T2)",23.91,55.392,15.06
"void at::native::vectorized_elementwise_kernel<(int)4, at::native::CUDAFunctor_add<float>, at::detail::Array<char *, (int)3>>(int, T2, T3)",76.57,32.928,40.91
void cutlass::Kernel<cutlass_80_tensorop_s1688gemm_256x64_16x4_nn_align4>(T1::Params),27.57,217.76,19.07
"void cudnn::bn_fw_inf_1C11_kernel_NCHW<float, float, (bool)1, (int)1>(T2, T2, cudnnTensorStruct, const T1 *, cudnnTensorStruct, T1 *, cudnnTensorStruct, const T2 *, const T2 *, const T2 *, const T2 *, T2)",34.8,324.16,17.86
"void at::native::vectorized_elementwise_kernel<(int)4, at::native::<unnamed>::launch_clamp_scalar(at::TensorIteratorBase &, c10::Scalar, c10::Scalar, at::native::detail::ClampLimits)::[lambda() (instance 1)]::operator ()() const::[lambda() (instance 14)]::operator ()() const::[lambda(float) (instance 1)], at::detail::Array<char *, (int)2>>(int, T2, T3)",72.43,151.712,33.15
"void at::native::<unnamed>::conv_depthwise2d_forward_kernel<(int)3, float, int>(at::GenericPackedTensorAccessor<T2, (unsigned long)4, at::DefaultPtrTraits, int>, at::GenericPackedTensorAccessor<T2, (unsigned long)4, at::DefaultPtrTraits, int>, at::GenericPackedTensorAccessor<T2, (unsigned long)4, at::DefaultPtrTraits, int>, at::GenericPackedTensorAccessor<T2, (unsigned long)1, at::DefaultPtrTraits, int>, bool, T3, int, int, int, int, int, int, int, int, int, int, int, int, int, int)",22.93,316.608,11.35
"void cudnn::bn_fw_inf_1C11_kernel_NCHW<float, float, (bool)1, (int)1>(T2, T2, cudnnTensorStruct, const T1 *, cudnnTensorStruct, T1 *, cudnnTensorStruct, const T2 *, const T2 *, const T2 *, const T2 *, T2)",26.46,88.288,14.94
"void at::native::vectorized_elementwise_kernel<(int)4, at::native::<unnamed>::launch_clamp_scalar(at::TensorIteratorBase &, c10::Scalar, c10::Scalar, at::native::detail::ClampLimits)::[lambda() (instance 1)]::operator ()() const::[lambda() (instance 14)]::operator ()() const::[lambda(float) (instance 1)], at::detail::Array<char *, (int)2>>(int, T2, T3)",51.34,39.52,28.96
void cutlass::Kernel<cutlass_80_tensorop_s1688gemm_256x64_16x4_nn_align4>(T1::Params),30.37,52.224,15.77
"void cudnn::bn_fw_inf_1C11_kernel_NCHW<float, float, (bool)1, (int)1>(T2, T2, cudnnTensorStruct, const T1 *, cudnnTensorStruct, T1 *, cudnnTensorStruct, const T2 *, const T2 *, const T2 *, const T2 *, T2)",14.64,22.752,11.36
void cutlass::Kernel<cutlass_80_tensorop_s1688gemm_256x64_16x4_nn_align4>(T1::Params),17.58,78.336,17.21
"void cudnn::bn_fw_inf_1C11_kernel_NCHW<float, float, (bool)1, (int)1>(T2, T2, cudnnTensorStruct, const T1 *, cudnnTensorStruct, T1 *, cudnnTensorStruct, const T2 *, const T2 *, const T2 *, const T2 *, T2)",28.04,119.072,15.53
"void at::native::vectorized_elementwise_kernel<(int)4, at::native::<unnamed>::launch_clamp_scalar(at::TensorIteratorBase &, c10::Scalar, c10::Scalar, at::native::detail::ClampLimits)::[lambda() (instance 1)]::operator ()() const::[lambda() (instance 14)]::operator ()() const::[lambda(float) (instance 1)], at::detail::Array<char *, (int)2>>(int, T2, T3)",57.4,52.512,29.91
"void at::native::<unnamed>::conv_depthwise2d_forward_kernel<(int)3, float, int>(at::GenericPackedTensorAccessor<T2, (unsigned long)4, at::DefaultPtrTraits, int>, at::GenericPackedTensorAccessor<T2, (unsigned long)4, at::DefaultPtrTraits, int>, at::GenericPackedTensorAccessor<T2, (unsigned long)4, at::DefaultPtrTraits, int>, at::GenericPackedTensorAccessor<T2, (unsigned long)1, at::DefaultPtrTraits, int>, bool, T3, int, int, int, int, int, int, int, int, int, int, int, int, int, int)",8.06,411.328,4.57
"void cudnn::bn_fw_inf_1C11_kernel_NCHW<float, float, (bool)1, (int)1>(T2, T2, cudnnTensorStruct, const T1 *, cudnnTensorStruct, T1 *, cudnnTensorStruct, const T2 *, const T2 *, const T2 *, const T2 *, T2)",27.74,120.256,15.31
"void at::native::vectorized_elementwise_kernel<(int)4, at::native::<unnamed>::launch_clamp_scalar(at::TensorIteratorBase &, c10::Scalar, c10::Scalar, at::native::detail::ClampLimits)::[lambda() (instance 1)]::operator ()() const::[lambda() (instance 14)]::operator ()() const::[lambda(float) (instance 1)], at::detail::Array<char *, (int)2>>(int, T2, T3)",57.66,52.256,30.03
void cutlass::Kernel<cutlass_80_tensorop_s1688gemm_256x64_16x4_nn_align4>(T1::Params),34.37,62.432,17.66
"void cudnn::bn_fw_inf_1C11_kernel_NCHW<float, float, (bool)1, (int)1>(T2, T2, cudnnTensorStruct, const T1 *, cudnnTensorStruct, T1 *, cudnnTensorStruct, const T2 *, const T2 *, const T2 *, const T2 *, T2)",14.39,23.168,11.05
"void at::native::vectorized_elementwise_kernel<(int)4, at::native::CUDAFunctor_add<float>, at::detail::Array<char *, (int)3>>(int, T2, T3)",51.7,12.928,30.09
void cutlass::Kernel<cutlass_80_tensorop_s1688gemm_256x64_16x4_nn_align4>(T1::Params),17.58,78.208,17.34
"void cudnn::bn_fw_inf_1C11_kernel_NCHW<float, float, (bool)1, (int)1>(T2, T2, cudnnTensorStruct, const T1 *, cudnnTensorStruct, T1 *, cudnnTensorStruct, const T2 *, const T2 *, const T2 *, const T2 *, T2)",27.93,119.456,15.5
"void at::native::vectorized_elementwise_kernel<(int)4, at::native::<unnamed>::launch_clamp_scalar(at::TensorIteratorBase &, c10::Scalar, c10::Scalar, at::native::detail::ClampLimits)::[lambda() (instance 1)]::operator ()() const::[lambda() (instance 14)]::operator ()() const::[lambda(float) (instance 1)], at::detail::Array<char *, (int)2>>(int, T2, T3)",58.27,51.712,30.28
"void at::native::<unnamed>::conv_depthwise2d_forward_kernel<(int)3, float, int>(at::GenericPackedTensorAccessor<T2, (unsigned long)4, at::DefaultPtrTraits, int>, at::GenericPackedTensorAccessor<T2, (unsigned long)4, at::DefaultPtrTraits, int>, at::GenericPackedTensorAccessor<T2, (unsigned long)4, at::DefaultPtrTraits, int>, at::GenericPackedTensorAccessor<T2, (unsigned long)1, at::DefaultPtrTraits, int>, bool, T3, int, int, int, int, int, int, int, int, int, int, int, int, int, int)",8.14,411.552,4.58
"void cudnn::bn_fw_inf_1C11_kernel_NCHW<float, float, (bool)1, (int)1>(T2, T2, cudnnTensorStruct, const T1 *, cudnnTensorStruct, T1 *, cudnnTensorStruct, const T2 *, const T2 *, const T2 *, const T2 *, T2)",28.02,119.04,15.42
"void at::native::vectorized_elementwise_kernel<(int)4, at::native::<unnamed>::launch_clamp_scalar(at::TensorIteratorBase &, c10::Scalar, c10::Scalar, at::native::detail::ClampLimits)::[lambda() (instance 1)]::operator ()() const::[lambda() (instance 14)]::operator ()() const::[lambda(float) (instance 1)], at::detail::Array<char *, (int)2>>(int, T2, T3)",57.93,52.096,30.22
void cutlass::Kernel<cutlass_80_tensorop_s1688gemm_256x64_16x4_nn_align4>(T1::Params),34.74,61.952,17.79
"void cudnn::bn_fw_inf_1C11_kernel_NCHW<float, float, (bool)1, (int)1>(T2, T2, cudnnTensorStruct, const T1 *, cudnnTensorStruct, T1 *, cudnnTensorStruct, const T2 *, const T2 *, const T2 *, const T2 *, T2)",14.31,23.232,11.13
"void at::native::vectorized_elementwise_kernel<(int)4, at::native::CUDAFunctor_add<float>, at::detail::Array<char *, (int)3>>(int, T2, T3)",52.21,12.768,30.4
void cutlass::Kernel<cutlass_80_tensorop_s1688gemm_256x64_16x4_nn_align4>(T1::Params),17.32,79.424,17.02
"void cudnn::bn_fw_inf_1C11_kernel_NCHW<float, float, (bool)1, (int)1>(T2, T2, cudnnTensorStruct, const T1 *, cudnnTensorStruct, T1 *, cudnnTensorStruct, const T2 *, const T2 *, const T2 *, const T2 *, T2)",27.9,119.584,15.5
"void at::native::vectorized_elementwise_kernel<(int)4, at::native::<unnamed>::launch_clamp_scalar(at::TensorIteratorBase &, c10::Scalar, c10::Scalar, at::native::detail::ClampLimits)::[lambda() (instance 1)]::operator ()() const::[lambda() (instance 14)]::operator ()() const::[lambda(float) (instance 1)], at::detail::Array<char *, (int)2>>(int, T2, T3)",57.85,52.096,30.09
"void at::native::<unnamed>::conv_depthwise2d_forward_kernel<(int)3, float, int>(at::GenericPackedTensorAccessor<T2, (unsigned long)4, at::DefaultPtrTraits, int>, at::GenericPackedTensorAccessor<T2, (unsigned long)4, at::DefaultPtrTraits, int>, at::GenericPackedTensorAccessor<T2, (unsigned long)4, at::DefaultPtrTraits, int>, at::GenericPackedTensorAccessor<T2, (unsigned long)1, at::DefaultPtrTraits, int>, bool, T3, int, int, int, int, int, int, int, int, int, int, int, int, int, int)",20.9,109.248,10.0
"void cudnn::bn_fw_inf_1C11_kernel_NCHW<float, float, (bool)1, (int)1>(T2, T2, cudnnTensorStruct, const T1 *, cudnnTensorStruct, T1 *, cudnnTensorStruct, const T2 *, const T2 *, const T2 *, const T2 *, T2)",15.89,31.808,12.94
"void at::native::vectorized_elementwise_kernel<(int)4, at::native::<unnamed>::launch_clamp_scalar(at::TensorIteratorBase &, c10::Scalar, c10::Scalar, at::native::detail::ClampLimits)::[lambda() (instance 1)]::operator ()() const::[lambda() (instance 14)]::operator ()() const::[lambda(float) (instance 1)], at::detail::Array<char *, (int)2>>(int, T2, T3)",31.82,15.68,24.44
void cutlass::Kernel<cutlass_80_tensorop_s1688gemm_64x64_16x6_nn_align4>(T1::Params),17.13,29.312,17.32
"void cudnn::bn_fw_inf_1C11_kernel_NCHW<float, float, (bool)1, (int)1>(T2, T2, cudnnTensorStruct, const T1 *, cudnnTensorStruct, T1 *, cudnnTensorStruct, const T2 *, const T2 *, const T2 *, const T2 *, T2)",10.63,15.712,9.19
void cutlass::Kernel<cutlass_80_tensorop_s1688gemm_256x64_16x4_nn_align4>(T1::Params),4.82,53.952,17.01
"void cudnn::bn_fw_inf_1C11_kernel_NCHW<float, float, (bool)1, (int)1>(T2, T2, cudnnTensorStruct, const T1 *, cudnnTensorStruct, T1 *, cudnnTensorStruct, const T2 *, const T2 *, const T2 *, const T2 *, T2)",22.31,60.832,15.39
"void at::native::vectorized_elementwise_kernel<(int)4, at::native::<unnamed>::launch_clamp_scalar(at::TensorIteratorBase &, c10::Scalar, c10::Scalar, at::native::detail::ClampLimits)::[lambda() (instance 1)]::operator ()() const::[lambda() (instance 14)]::operator ()() const::[lambda(float) (instance 1)], at::detail::Array<char *, (int)2>>(int, T2, T3)",39.87,26.848,28.21
"void at::native::<unnamed>::conv_depthwise2d_forward_kernel<(int)3, float, int>(at::GenericPackedTensorAccessor<T2, (unsigned long)4, at::DefaultPtrTraits, int>, at::GenericPackedTensorAccessor<T2, (unsigned long)4, at::DefaultPtrTraits, int>, at::GenericPackedTensorAccessor<T2, (unsigned long)4, at::DefaultPtrTraits, int>, at::GenericPackedTensorAccessor<T2, (unsigned long)1, at::DefaultPtrTraits, int>, bool, T3, int, int, int, int, int, int, int, int, int, int, int, int, int, int)",6.54,207.136,4.14
"void cudnn::bn_fw_inf_1C11_kernel_NCHW<float, float, (bool)1, (int)1>(T2, T2, cudnnTensorStruct, const T1 *, cudnnTensorStruct, T1 *, cudnnTensorStruct, const T2 *, const T2 *, const T2 *, const T2 *, T2)",22.46,60.672,15.14
"void at::native::vectorized_elementwise_kernel<(int)4, at::native::<unnamed>::launch_clamp_scalar(at::TensorIteratorBase &, c10::Scalar, c10::Scalar, at::native::detail::ClampLimits)::[lambda() (instance 1)]::operator ()() const::[lambda() (instance 14)]::operator ()() const::[lambda(float) (instance 1)], at::detail::Array<char *, (int)2>>(int, T2, T3)",39.16,27.136,27.94
void cutlass::Kernel<cutlass_80_tensorop_s1688gemm_64x64_16x6_nn_align4>(T1::Params),21.32,47.68,19.63
"void cudnn::bn_fw_inf_1C11_kernel_NCHW<float, float, (bool)1, (int)1>(T2, T2, cudnnTensorStruct, const T1 *, cudnnTensorStruct, T1 *, cudnnTensorStruct, const T2 *, const T2 *, const T2 *, const T2 *, T2)",10.56,15.808,9.0
"void at::native::vectorized_elementwise_kernel<(int)4, at::native::CUDAFunctor_add<float>, at::detail::Array<char *, (int)3>>(int, T2, T3)",36.83,9.088,21.94
void cutlass::Kernel<cutlass_80_tensorop_s1688gemm_256x64_16x4_nn_align4>(T1::Params),4.8,53.504,17.19
"void cudnn::bn_fw_inf_1C11_kernel_NCHW<float, float, (bool)1, (int)1>(T2, T2, cudnnTensorStruct, const T1 *, cudnnTensorStruct, T1 *, cudnnTensorStruct, const T2 *, const T2 *, const T2 *, const T2 *, T2)",22.43,60.96,15.3
"void at::native::vectorized_elementwise_kernel<(int)4, at::native::<unnamed>::launch_clamp_scalar(at::TensorIteratorBase &, c10::Scalar, c10::Scalar, at::native::detail::ClampLimits)::[lambda() (instance 1)]::operator ()() const::[lambda() (instance 14)]::operator ()() const::[lambda(float) (instance 1)], at::detail::Array<char *, (int)2>>(int, T2, T3)",39.19,27.296,27.67
"void at::native::<unnamed>::conv_depthwise2d_forward_kernel<(int)3, float, int>(at::GenericPackedTensorAccessor<T2, (unsigned long)4, at::DefaultPtrTraits, int>, at::GenericPackedTensorAccessor<T2, (unsigned long)4, at::DefaultPtrTraits, int>, at::GenericPackedTensorAccessor<T2, (unsigned long)4, at::DefaultPtrTraits, int>, at::GenericPackedTensorAccessor<T2, (unsigned long)1, at::DefaultPtrTraits, int>, bool, T3, int, int, int, int, int, int, int, int, int, int, int, int, int, int)",6.51,207.392,4.14
"void cudnn::bn_fw_inf_1C11_kernel_NCHW<float, float, (bool)1, (int)1>(T2, T2, cudnnTensorStruct, const T1 *, cudnnTensorStruct, T1 *, cudnnTensorStruct, const T2 *, const T2 *, const T2 *, const T2 *, T2)",22.24,61.216,15.05
"void at::native::vectorized_elementwise_kernel<(int)4, at::native::<unnamed>::launch_clamp_scalar(at::TensorIteratorBase &, c10::Scalar, c10::Scalar, at::native::detail::ClampLimits)::[lambda() (instance 1)]::operator ()() const::[lambda() (instance 14)]::operator ()() const::[lambda(float) (instance 1)], at::detail::Array<char *, (int)2>>(int, T2, T3)",38.69,27.68,27.23
void cutlass::Kernel<cutlass_80_tensorop_s1688gemm_64x64_16x6_nn_align4>(T1::Params),22.39,45.92,20.42
"void cudnn::bn_fw_inf_1C11_kernel_NCHW<float, float, (bool)1, (int)1>(T2, T2, cudnnTensorStruct, const T1 *, cudnnTensorStruct, T1 *, cudnnTensorStruct, const T2 *, const T2 *, const T2 *, const T2 *, T2)",10.68,15.616,9.09
"void at::native::vectorized_elementwise_kernel<(int)4, at::native::CUDAFunctor_add<float>, at::detail::Array<char *, (int)3>>(int, T2, T3)",38.08,8.768,22.59
void cutlass::Kernel<cutlass_80_tensorop_s1688gemm_256x64_16x4_nn_align4>(T1::Params),4.99,53.536,17.11
"void cudnn::bn_fw_inf_1C11_kernel_NCHW<float, float, (bool)1, (int)1>(T2, T2, cudnnTensorStruct, const T1 *, cudnnTensorStruct, T1 *, cudnnTensorStruct, const T2 *, const T2 *, const T2 *, const T2 *, T2)",22.37,61.088,15.22
"void at::native::vectorized_elementwise_kernel<(int)4, at::native::<unnamed>::launch_clamp_scalar(at::TensorIteratorBase &, c10::Scalar, c10::Scalar, at::native::detail::ClampLimits)::[lambda() (instance 1)]::operator ()() const::[lambda() (instance 14)]::operator ()() const::[lambda(float) (instance 1)], at::detail::Array<char *, (int)2>>(int, T2, T3)",38.8,27.584,27.52
"void at::native::<unnamed>::conv_depthwise2d_forward_kernel<(int)3, float, int>(at::GenericPackedTensorAccessor<T2, (unsigned long)4, at::DefaultPtrTraits, int>, at::GenericPackedTensorAccessor<T2, (unsigned long)4, at::DefaultPtrTraits, int>, at::GenericPackedTensorAccessor<T2, (unsigned long)4, at::DefaultPtrTraits, int>, at::GenericPackedTensorAccessor<T2, (unsigned long)1, at::DefaultPtrTraits, int>, bool, T3, int, int, int, int, int, int, int, int, int, int, int, int, int, int)",6.56,207.232,4.14
"void cudnn::bn_fw_inf_1C11_kernel_NCHW<float, float, (bool)1, (int)1>(T2, T2, cudnnTensorStruct, const T1 *, cudnnTensorStruct, T1 *, cudnnTensorStruct, const T2 *, const T2 *, const T2 *, const T2 *, T2)",22.14,61.376,14.9
"void at::native::vectorized_elementwise_kernel<(int)4, at::native::<unnamed>::launch_clamp_scalar(at::TensorIteratorBase &, c10::Scalar, c10::Scalar, at::native::detail::ClampLimits)::[lambda() (instance 1)]::operator ()() const::[lambda() (instance 14)]::operator ()() const::[lambda(float) (instance 1)], at::detail::Array<char *, (int)2>>(int, T2, T3)",39.68,27.264,27.83
void cutlass::Kernel<cutlass_80_tensorop_s1688gemm_64x64_16x6_nn_align4>(T1::Params),22.23,46.112,20.32
"void cudnn::bn_fw_inf_1C11_kernel_NCHW<float, float, (bool)1, (int)1>(T2, T2, cudnnTensorStruct, const T1 *, cudnnTensorStruct, T1 *, cudnnTensorStruct, const T2 *, const T2 *, const T2 *, const T2 *, T2)",10.76,15.488,9.17
"void at::native::vectorized_elementwise_kernel<(int)4, at::native::CUDAFunctor_add<float>, at::detail::Array<char *, (int)3>>(int, T2, T3)",38.49,8.672,22.82
void cutlass::Kernel<cutlass_80_tensorop_s1688gemm_256x64_16x4_nn_align4>(T1::Params),4.75,54.08,16.97
"void cudnn::bn_fw_inf_1C11_kernel_NCHW<float, float, (bool)1, (int)1>(T2, T2, cudnnTensorStruct, const T1 *, cudnnTensorStruct, T1 *, cudnnTensorStruct, const T2 *, const T2 *, const T2 *, const T2 *, T2)",22.3,61.312,15.2
"void at::native::vectorized_elementwise_kernel<(int)4, at::native::<unnamed>::launch_clamp_scalar(at::TensorIteratorBase &, c10::Scalar, c10::Scalar, at::native::detail::ClampLimits)::[lambda() (instance 1)]::operator ()() const::[lambda() (instance 14)]::operator ()() const::[lambda(float) (instance 1)], at::detail::Array<char *, (int)2>>(int, T2, T3)",39.68,27.04,28.07
"void at::native::<unnamed>::conv_depthwise2d_forward_kernel<(int)3, float, int>(at::GenericPackedTensorAccessor<T2, (unsigned long)4, at::DefaultPtrTraits, int>, at::GenericPackedTensorAccessor<T2, (unsigned long)4, at::DefaultPtrTraits, int>, at::GenericPackedTensorAccessor<T2, (unsigned long)4, at::DefaultPtrTraits, int>, at::GenericPackedTensorAccessor<T2, (unsigned long)1, at::DefaultPtrTraits, int>, bool, T3, int, int, int, int, int, int, int, int, int, int, int, int, int, int)",6.5,207.264,4.13
"void cudnn::bn_fw_inf_1C11_kernel_NCHW<float, float, (bool)1, (int)1>(T2, T2, cudnnTensorStruct, const T1 *, cudnnTensorStruct, T1 *, cudnnTensorStruct, const T2 *, const T2 *, const T2 *, const T2 *, T2)",22.29,61.12,15.07
"void at::native::vectorized_elementwise_kernel<(int)4, at::native::<unnamed>::launch_clamp_scalar(at::TensorIteratorBase &, c10::Scalar, c10::Scalar, at::native::detail::ClampLimits)::[lambda() (instance 1)]::operator ()() const::[lambda() (instance 14)]::operator ()() const::[lambda(float) (instance 1)], at::detail::Array<char *, (int)2>>(int, T2, T3)",39.43,27.168,27.73
void cutlass::Kernel<cutlass_80_tensorop_s1688gemm_256x64_16x4_nn_align4>(T1::Params),17.82,59.232,19.74
"void cudnn::bn_fw_inf_1C11_kernel_NCHW<float, float, (bool)1, (int)1>(T2, T2, cudnnTensorStruct, const T1 *, cudnnTensorStruct, T1 *, cudnnTensorStruct, const T2 *, const T2 *, const T2 *, const T2 *, T2)",12.73,19.616,10.85
void cutlass::Kernel<cutlass_80_tensorop_s1688gemm_256x64_16x4_nn_align4>(T1::Params),8.84,92.928,19.02
"void cudnn::bn_fw_inf_1C11_kernel_NCHW<float, float, (bool)1, (int)1>(T2, T2, cudnnTensorStruct, const T1 *, cudnnTensorStruct, T1 *, cudnnTensorStruct, const T2 *, const T2 *, const T2 *, const T2 *, T2)",25.57,92.384,15.89
"void at::native::vectorized_elementwise_kernel<(int)4, at::native::<unnamed>::launch_clamp_scalar(at::TensorIteratorBase &, c10::Scalar, c10::Scalar, at::native::detail::ClampLimits)::[lambda() (instance 1)]::operator ()() const::[lambda() (instance 14)]::operator ()() const::[lambda(float) (instance 1)], at::detail::Array<char *, (int)2>>(int, T2, T3)",51.38,39.456,29.07
"void at::native::<unnamed>::conv_depthwise2d_forward_kernel<(int)3, float, int>(at::GenericPackedTensorAccessor<T2, (unsigned long)4, at::DefaultPtrTraits, int>, at::GenericPackedTensorAccessor<T2, (unsigned long)4, at::DefaultPtrTraits, int>, at::GenericPackedTensorAccessor<T2, (unsigned long)4, at::DefaultPtrTraits, int>, at::GenericPackedTensorAccessor<T2, (unsigned long)1, at::DefaultPtrTraits, int>, bool, T3, int, int, int, int, int, int, int, int, int, int, int, int, int, int)",7.59,309.44,4.42
"void cudnn::bn_fw_inf_1C11_kernel_NCHW<float, float, (bool)1, (int)1>(T2, T2, cudnnTensorStruct, const T1 *, cudnnTensorStruct, T1 *, cudnnTensorStruct, const T2 *, const T2 *, const T2 *, const T2 *, T2)",25.11,93.888,15.45
"void at::native::vectorized_elementwise_kernel<(int)4, at::native::<unnamed>::launch_clamp_scalar(at::TensorIteratorBase &, c10::Scalar, c10::Scalar, at::native::detail::ClampLimits)::[lambda() (instance 1)]::operator ()() const::[lambda() (instance 14)]::operator ()() const::[lambda(float) (instance 1)], at::detail::Array<char *, (int)2>>(int, T2, T3)",51.07,39.648,28.89
void cutlass::Kernel<cutlass_80_tensorop_s1688gemm_256x64_16x4_nn_align4>(T1::Params),19.31,82.176,21.21
"void cudnn::bn_fw_inf_1C11_kernel_NCHW<float, float, (bool)1, (int)1>(T2, T2, cudnnTensorStruct, const T1 *, cudnnTensorStruct, T1 *, cudnnTensorStruct, const T2 *, const T2 *, const T2 *, const T2 *, T2)",12.63,19.776,10.52
"void at::native::vectorized_elementwise_kernel<(int)4, at::native::CUDAFunctor_add<float>, at::detail::Array<char *, (int)3>>(int, T2, T3)",42.36,11.808,24.96
void cutlass::Kernel<cutlass_80_tensorop_s1688gemm_256x64_16x4_nn_align4>(T1::Params),8.73,93.312,18.99
"void cudnn::bn_fw_inf_1C11_kernel_NCHW<float, float, (bool)1, (int)1>(T2, T2, cudnnTensorStruct, const T1 *, cudnnTensorStruct, T1 *, cudnnTensorStruct, const T2 *, const T2 *, const T2 *, const T2 *, T2)",25.49,92.576,15.79
"void at::native::vectorized_elementwise_kernel<(int)4, at::native::<unnamed>::launch_clamp_scalar(at::TensorIteratorBase &, c10::Scalar, c10::Scalar, at::native::detail::ClampLimits)::[lambda() (instance 1)]::operator ()() const::[lambda() (instance 14)]::operator ()() const::[lambda(float) (instance 1)], at::detail::Array<char *, (int)2>>(int, T2, T3)",51.12,39.648,29.04
"void at::native::<unnamed>::conv_depthwise2d_forward_kernel<(int)3, float, int>(at::GenericPackedTensorAccessor<T2, (unsigned long)4, at::DefaultPtrTraits, int>, at::GenericPackedTensorAccessor<T2, (unsigned long)4, at::DefaultPtrTraits, int>, at::GenericPackedTensorAccessor<T2, (unsigned long)4, at::DefaultPtrTraits, int>, at::GenericPackedTensorAccessor<T2, (unsigned long)1, at::DefaultPtrTraits, int>, bool, T3, int, int, int, int, int, int, int, int, int, int, int, int, int, int)",7.61,308.8,4.44
"void cudnn::bn_fw_inf_1C11_kernel_NCHW<float, float, (bool)1, (int)1>(T2, T2, cudnnTensorStruct, const T1 *, cudnnTensorStruct, T1 *, cudnnTensorStruct, const T2 *, const T2 *, const T2 *, const T2 *, T2)",25.49,92.448,15.69
"void at::native::vectorized_elementwise_kernel<(int)4, at::native::<unnamed>::launch_clamp_scalar(at::TensorIteratorBase &, c10::Scalar, c10::Scalar, at::native::detail::ClampLimits)::[lambda() (instance 1)]::operator ()() const::[lambda() (instance 14)]::operator ()() const::[lambda(float) (instance 1)], at::detail::Array<char *, (int)2>>(int, T2, T3)",51.06,39.648,28.88
void cutlass::Kernel<cutlass_80_tensorop_s1688gemm_256x64_16x4_nn_align4>(T1::Params),19.5,81.344,21.42
"void cudnn::bn_fw_inf_1C11_kernel_NCHW<float, float, (bool)1, (int)1>(T2, T2, cudnnTensorStruct, const T1 *, cudnnTensorStruct, T1 *, cudnnTensorStruct, const T2 *, const T2 *, const T2 *, const T2 *, T2)",12.65,19.744,10.63
"void at::native::vectorized_elementwise_kernel<(int)4, at::native::CUDAFunctor_add<float>, at::detail::Array<char *, (int)3>>(int, T2, T3)",46.14,10.848,27.07
void cutlass::Kernel<cutlass_80_tensorop_s1688gemm_256x64_16x4_nn_align4>(T1::Params),8.74,92.864,19.1
"void cudnn::bn_fw_inf_1C11_kernel_NCHW<float, float, (bool)1, (int)1>(T2, T2, cudnnTensorStruct, const T1 *, cudnnTensorStruct, T1 *, cudnnTensorStruct, const T2 *, const T2 *, const T2 *, const T2 *, T2)",25.63,92.416,15.83
"void at::native::vectorized_elementwise_kernel<(int)4, at::native::<unnamed>::launch_clamp_scalar(at::TensorIteratorBase &, c10::Scalar, c10::Scalar, at::native::detail::ClampLimits)::[lambda() (instance 1)]::operator ()() const::[lambda() (instance 14)]::operator ()() const::[lambda(float) (instance 1)], at::detail::Array<char *, (int)2>>(int, T2, T3)",51.25,39.52,28.83
"void at::native::<unnamed>::conv_depthwise2d_forward_kernel<(int)3, float, int>(at::GenericPackedTensorAccessor<T2, (unsigned long)4, at::DefaultPtrTraits, int>, at::GenericPackedTensorAccessor<T2, (unsigned long)4, at::DefaultPtrTraits, int>, at::GenericPackedTensorAccessor<T2, (unsigned long)4, at::DefaultPtrTraits, int>, at::GenericPackedTensorAccessor<T2, (unsigned long)1, at::DefaultPtrTraits, int>, bool, T3, int, int, int, int, int, int, int, int, int, int, int, int, int, int)",19.84,83.712,9.39
"void cudnn::bn_fw_inf_1C11_kernel_NCHW<float, float, (bool)1, (int)1>(T2, T2, cudnnTensorStruct, const T1 *, cudnnTensorStruct, T1 *, cudnnTensorStruct, const T2 *, const T2 *, const T2 *, const T2 *, T2)",6.36,58.912,5.91
"void at::native::vectorized_elementwise_kernel<(int)4, at::native::<unnamed>::launch_clamp_scalar(at::TensorIteratorBase &, c10::Scalar, c10::Scalar, at::native::detail::ClampLimits)::[lambda() (instance 1)]::operator ()() const::[lambda() (instance 14)]::operator ()() const::[lambda(float) (instance 1)], at::detail::Array<char *, (int)2>>(int, T2, T3)",28.33,13.248,21.8
"void cudnn::ops::nchwToNhwcKernel<float, float, float, (bool)0, (bool)1, (cudnnKernelDataType_t)2>(cudnn::ops::nchw2nhwc_params_t<T3>, const T1 *, T2 *)",19.86,18.88,17.89
"void cudnn::ops::nchwToNhwcKernel<float, float, float, (bool)0, (bool)1, (cudnnKernelDataType_t)2>(cudnn::ops::nchw2nhwc_params_t<T3>, const T1 *, T2 *)",0.99,19.712,1.09
void cutlass_cudnn::Kernel<cutlass_tensorop_s1688fprop_optimized_tf32_64x128_16x6_nhwc_align4>(T1::Params),8.31,47.488,11.28
"void cudnn::ops::nhwcToNchwKernel<float, float, float, (bool)1, (bool)0, (cudnnKernelDataType_t)0>(cudnn::ops::nhwc2nchw_params_t<T3>, const T1 *, T2 *)",10.24,10.24,9.81
"void cudnn::bn_fw_inf_1C11_kernel_NCHW<float, float, (bool)1, (int)1>(T2, T2, cudnnTensorStruct, const T1 *, cudnnTensorStruct, T1 *, cudnnTensorStruct, const T2 *, const T2 *, const T2 *, const T2 *, T2)",4.96,21.024,4.94
"void cudnn::ops::nchwToNhwcKernel<float, float, float, (bool)0, (bool)1, (cudnnKernelDataType_t)2>(cudnn::ops::nchw2nhwc_params_t<T3>, const T1 *, T2 *)",11.23,9.344,10.04
"void cudnn::ops::nchwToNhwcKernel<float, float, float, (bool)0, (bool)1, (cudnnKernelDataType_t)2>(cudnn::ops::nchw2nhwc_params_t<T3>, const T1 *, T2 *)",1.05,30.88,1.1
void cutlass_cudnn::Kernel<cutlass_tensorop_s1688fprop_optimized_tf32_128x128_16x4_nhwc_align4>(T1::Params),2.88,48.096,14.66
"void cudnn::ops::nhwcToNchwKernel<float, float, float, (bool)1, (bool)0, (cudnnKernelDataType_t)0>(cudnn::ops::nhwc2nchw_params_t<T3>, const T1 *, T2 *)",21.65,31.52,18.16
"void cudnn::bn_fw_inf_1C11_kernel_NCHW<float, float, (bool)1, (int)1>(T2, T2, cudnnTensorStruct, const T1 *, cudnnTensorStruct, T1 *, cudnnTensorStruct, const T2 *, const T2 *, const T2 *, const T2 *, T2)",7.26,93.92,6.16
"void at::native::vectorized_elementwise_kernel<(int)4, at::native::<unnamed>::launch_clamp_scalar(at::TensorIteratorBase &, c10::Scalar, c10::Scalar, at::native::detail::ClampLimits)::[lambda() (instance 1)]::operator ()() const::[lambda() (instance 14)]::operator ()() const::[lambda(float) (instance 1)], at::detail::Array<char *, (int)2>>(int, T2, T3)",33.24,18.784,25.27
"void at::native::<unnamed>::conv_depthwise2d_forward_kernel<(int)3, float, int>(at::GenericPackedTensorAccessor<T2, (unsigned long)4, at::DefaultPtrTraits, int>, at::GenericPackedTensorAccessor<T2, (unsigned long)4, at::DefaultPtrTraits, int>, at::GenericPackedTensorAccessor<T2, (unsigned long)4, at::DefaultPtrTraits, int>, at::GenericPackedTensorAccessor<T2, (unsigned long)1, at::DefaultPtrTraits, int>, bool, T3, int, int, int, int, int, int, int, int, int, int, int, int, int, int)",4.94,130.912,3.88
"void cudnn::bn_fw_inf_1C11_kernel_NCHW<float, float, (bool)1, (int)1>(T2, T2, cudnnTensorStruct, const T1 *, cudnnTensorStruct, T1 *, cudnnTensorStruct, const T2 *, const T2 *, const T2 *, const T2 *, T2)",7.08,93.984,6.35
"void at::native::vectorized_elementwise_kernel<(int)4, at::native::<unnamed>::launch_clamp_scalar(at::TensorIteratorBase &, c10::Scalar, c10::Scalar, at::native::detail::ClampLimits)::[lambda() (instance 1)]::operator ()() const::[lambda() (instance 14)]::operator ()() const::[lambda(float) (instance 1)], at::detail::Array<char *, (int)2>>(int, T2, T3)",33.95,18.432,25.97
"void cudnn::ops::nchwToNhwcKernel<float, float, float, (bool)0, (bool)1, (cudnnKernelDataType_t)2>(cudnn::ops::nchw2nhwc_params_t<T3>, const T1 *, T2 *)",24.16,27.04,21.26
"void cudnn::ops::nchwToNhwcKernel<float, float, float, (bool)0, (bool)1, (cudnnKernelDataType_t)2>(cudnn::ops::nchw2nhwc_params_t<T3>, const T1 *, T2 *)",1.09,29.536,1.15
void cutlass_cudnn::Kernel<cutlass_tensorop_s1688fprop_optimized_tf32_64x128_16x6_nhwc_align4>(T1::Params),8.75,74.944,11.45
"void cudnn::ops::nhwcToNchwKernel<float, float, float, (bool)1, (bool)0, (cudnnKernelDataType_t)0>(cudnn::ops::nhwc2nchw_params_t<T3>, const T1 *, T2 *)",10.14,10.336,9.74
"void cudnn::bn_fw_inf_1C11_kernel_NCHW<float, float, (bool)1, (int)1>(T2, T2, cudnnTensorStruct, const T1 *, cudnnTensorStruct, T1 *, cudnnTensorStruct, const T2 *, const T2 *, const T2 *, const T2 *, T2)",5.05,20.64,5.06
"void at::native::vectorized_elementwise_kernel<(int)4, at::native::CUDAFunctor_add<float>, at::detail::Array<char *, (int)3>>(int, T2, T3)",26.87,7.808,16.43
"void cudnn::ops::nchwToNhwcKernel<float, float, float, (bool)0, (bool)1, (cudnnKernelDataType_t)2>(cudnn::ops::nchw2nhwc_params_t<T3>, const T1 *, T2 *)",11.38,9.184,10.33
"void cudnn::ops::nchwToNhwcKernel<float, float, float, (bool)0, (bool)1, (cudnnKernelDataType_t)2>(cudnn::ops::nchw2nhwc_params_t<T3>, const T1 *, T2 *)",1.05,30.848,1.11
void cutlass_cudnn::Kernel<cutlass_tensorop_s1688fprop_optimized_tf32_128x128_16x4_nhwc_align4>(T1::Params),2.87,48.0,14.62
"void cudnn::ops::nhwcToNchwKernel<float, float, float, (bool)1, (bool)0, (cudnnKernelDataType_t)0>(cudnn::ops::nhwc2nchw_params_t<T3>, const T1 *, T2 *)",21.94,30.56,18.71
"void cudnn::bn_fw_inf_1C11_kernel_NCHW<float, float, (bool)1, (int)1>(T2, T2, cudnnTensorStruct, const T1 *, cudnnTensorStruct, T1 *, cudnnTensorStruct, const T2 *, const T2 *, const T2 *, const T2 *, T2)",7.14,93.632,6.15
"void at::native::vectorized_elementwise_kernel<(int)4, at::native::<unnamed>::launch_clamp_scalar(at::TensorIteratorBase &, c10::Scalar, c10::Scalar, at::native::detail::ClampLimits)::[lambda() (instance 1)]::operator ()() const::[lambda() (instance 14)]::operator ()() const::[lambda(float) (instance 1)], at::detail::Array<char *, (int)2>>(int, T2, T3)",33.57,18.656,25.57
"void at::native::<unnamed>::conv_depthwise2d_forward_kernel<(int)3, float, int>(at::GenericPackedTensorAccessor<T2, (unsigned long)4, at::DefaultPtrTraits, int>, at::GenericPackedTensorAccessor<T2, (unsigned long)4, at::DefaultPtrTraits, int>, at::GenericPackedTensorAccessor<T2, (unsigned long)4, at::DefaultPtrTraits, int>, at::GenericPackedTensorAccessor<T2, (unsigned long)1, at::DefaultPtrTraits, int>, bool, T3, int, int, int, int, int, int, int, int, int, int, int, int, int, int)",4.97,131.04,3.89
"void cudnn::bn_fw_inf_1C11_kernel_NCHW<float, float, (bool)1, (int)1>(T2, T2, cudnnTensorStruct, const T1 *, cudnnTensorStruct, T1 *, cudnnTensorStruct, const T2 *, const T2 *, const T2 *, const T2 *, T2)",7.16,93.504,6.39
"void at::native::vectorized_elementwise_kernel<(int)4, at::native::<unnamed>::launch_clamp_scalar(at::TensorIteratorBase &, c10::Scalar, c10::Scalar, at::native::detail::ClampLimits)::[lambda() (instance 1)]::operator ()() const::[lambda() (instance 14)]::operator ()() const::[lambda(float) (instance 1)], at::detail::Array<char *, (int)2>>(int, T2, T3)",32.97,18.944,25.07
"void cudnn::ops::nchwToNhwcKernel<float, float, float, (bool)0, (bool)1, (cudnnKernelDataType_t)2>(cudnn::ops::nchw2nhwc_params_t<T3>, const T1 *, T2 *)",24.33,27.584,20.94
"void cudnn::ops::nchwToNhwcKernel<float, float, float, (bool)0, (bool)1, (cudnnKernelDataType_t)2>(cudnn::ops::nchw2nhwc_params_t<T3>, const T1 *, T2 *)",1.09,29.504,1.14
void cutlass_cudnn::Kernel<cutlass_tensorop_s1688fprop_optimized_tf32_64x128_16x6_nhwc_align4>(T1::Params),8.9,73.728,11.64
"void cudnn::ops::nhwcToNchwKernel<float, float, float, (bool)1, (bool)0, (cudnnKernelDataType_t)0>(cudnn::ops::nhwc2nchw_params_t<T3>, const T1 *, T2 *)",10.26,10.24,9.73
"void cudnn::bn_fw_inf_1C11_kernel_NCHW<float, float, (bool)1, (int)1>(T2, T2, cudnnTensorStruct, const T1 *, cudnnTensorStruct, T1 *, cudnnTensorStruct, const T2 *, const T2 *, const T2 *, const T2 *, T2)",5.06,20.608,5.03
"void at::native::vectorized_elementwise_kernel<(int)4, at::native::CUDAFunctor_add<float>, at::detail::Array<char *, (int)3>>(int, T2, T3)",28.29,7.392,17.32
"void cudnn::ops::nchwToNhwcKernel<float, float, float, (bool)0, (bool)1, (cudnnKernelDataType_t)2>(cudnn::ops::nchw2nhwc_params_t<T3>, const T1 *, T2 *)",11.59,9.056,10.43
"void cudnn::ops::nchwToNhwcKernel<float, float, float, (bool)0, (bool)1, (cudnnKernelDataType_t)2>(cudnn::ops::nchw2nhwc_params_t<T3>, const T1 *, T2 *)",1.05,30.88,1.1
void cutlass_cudnn::Kernel<cutlass_tensorop_s1688fprop_optimized_tf32_128x128_16x4_nhwc_align4>(T1::Params),2.9,47.872,14.67
"void cudnn::ops::nhwcToNchwKernel<float, float, float, (bool)1, (bool)0, (cudnnKernelDataType_t)0>(cudnn::ops::nhwc2nchw_params_t<T3>, const T1 *, T2 *)",22.29,30.304,18.79
"void cudnn::bn_fw_inf_1C11_kernel_NCHW<float, float, (bool)1, (int)1>(T2, T2, cudnnTensorStruct, const T1 *, cudnnTensorStruct, T1 *, cudnnTensorStruct, const T2 *, const T2 *, const T2 *, const T2 *, T2)",7.21,93.664,6.16
"void at::native::vectorized_elementwise_kernel<(int)4, at::native::<unnamed>::launch_clamp_scalar(at::TensorIteratorBase &, c10::Scalar, c10::Scalar, at::native::detail::ClampLimits)::[lambda() (instance 1)]::operator ()() const::[lambda() (instance 14)]::operator ()() const::[lambda(float) (instance 1)], at::detail::Array<char *, (int)2>>(int, T2, T3)",33.2,18.784,25.25
"void at::native::<unnamed>::conv_depthwise2d_forward_kernel<(int)3, float, int>(at::GenericPackedTensorAccessor<T2, (unsigned long)4, at::DefaultPtrTraits, int>, at::GenericPackedTensorAccessor<T2, (unsigned long)4, at::DefaultPtrTraits, int>, at::GenericPackedTensorAccessor<T2, (unsigned long)4, at::DefaultPtrTraits, int>, at::GenericPackedTensorAccessor<T2, (unsigned long)1, at::DefaultPtrTraits, int>, bool, T3, int, int, int, int, int, int, int, int, int, int, int, int, int, int)",5.03,130.752,3.91
"void cudnn::bn_fw_inf_1C11_kernel_NCHW<float, float, (bool)1, (int)1>(T2, T2, cudnnTensorStruct, const T1 *, cudnnTensorStruct, T1 *, cudnnTensorStruct, const T2 *, const T2 *, const T2 *, const T2 *, T2)",7.11,93.536,6.39
"void at::native::vectorized_elementwise_kernel<(int)4, at::native::<unnamed>::launch_clamp_scalar(at::TensorIteratorBase &, c10::Scalar, c10::Scalar, at::native::detail::ClampLimits)::[lambda() (instance 1)]::operator ()() const::[lambda() (instance 14)]::operator ()() const::[lambda(float) (instance 1)], at::detail::Array<char *, (int)2>>(int, T2, T3)",33.33,18.752,25.42
"void cudnn::ops::nchwToNhwcKernel<float, float, float, (bool)0, (bool)1, (cudnnKernelDataType_t)2>(cudnn::ops::nchw2nhwc_params_t<T3>, const T1 *, T2 *)",24.42,27.104,21.18
"void cudnn::ops::nchwToNhwcKernel<float, float, float, (bool)0, (bool)1, (cudnnKernelDataType_t)2>(cudnn::ops::nchw2nhwc_params_t<T3>, const T1 *, T2 *)",1.18,54.08,1.12
void cutlass_cudnn::Kernel<cutlass_tensorop_s1688fprop_optimized_tf32_128x128_16x4_nhwc_align4>(T1::Params),9.39,73.536,14.74
"void cudnn::ops::nhwcToNchwKernel<float, float, float, (bool)1, (bool)0, (cudnnKernelDataType_t)0>(cudnn::ops::nhwc2nchw_params_t<T3>, const T1 *, T2 *)",14.07,14.848,13.23
"void cudnn::bn_fw_inf_1C11_kernel_NCHW<float, float, (bool)1, (int)1>(T2, T2, cudnnTensorStruct, const T1 *, cudnnTensorStruct, T1 *, cudnnTensorStruct, const T2 *, const T2 *, const T2 *, const T2 *, T2)",5.85,35.584,5.69
"void cudnn::ops::nchwToNhwcKernel<float, float, float, (bool)0, (bool)1, (cudnnKernelDataType_t)2>(cudnn::ops::nchw2nhwc_params_t<T3>, const T1 *, T2 *)",16.27,12.832,14.8
"void cudnn::ops::nchwToNhwcKernel<float, float, float, (bool)0, (bool)1, (cudnnKernelDataType_t)2>(cudnn::ops::nchw2nhwc_params_t<T3>, const T1 *, T2 *)",1.18,72.352,1.08
void cutlass_cudnn::Kernel<cutlass_tensorop_s1688fprop_optimized_tf32_128x128_16x4_nhwc_align4>(T1::Params),3.83,87.584,16.07
"void cudnn::ops::nhwcToNchwKernel<float, float, float, (bool)1, (bool)0, (cudnnKernelDataType_t)0>(cudnn::ops::nhwc2nchw_params_t<T3>, const T1 *, T2 *)",26.31,39.168,20.18
"void cudnn::bn_fw_inf_1C11_kernel_NCHW<float, float, (bool)1, (int)1>(T2, T2, cudnnTensorStruct, const T1 *, cudnnTensorStruct, T1 *, cudnnTensorStruct, const T2 *, const T2 *, const T2 *, const T2 *, T2)",8.69,122.432,6.58
"void at::native::vectorized_elementwise_kernel<(int)4, at::native::<unnamed>::launch_clamp_scalar(at::TensorIteratorBase &, c10::Scalar, c10::Scalar, at::native::detail::ClampLimits)::[lambda() (instance 1)]::operator ()() const::[lambda() (instance 14)]::operator ()() const::[lambda(float) (instance 1)], at::detail::Array<char *, (int)2>>(int, T2, T3)",36.38,23.488,26.72
"void at::native::reduce_kernel<(int)512, (int)1, at::native::ReduceOp<float, at::native::MeanOps<float, float>, unsigned int, float, (int)4>>(T3)",9.85,84.64,4.0
void cutlass::Kernel<cutlass_80_tensorop_s1688gemm_64x64_32x6_tn_align4>(T1::Params),10.16,27.904,6.59
"void cask_cudnn::computeOffsetsKernel<(bool)0, (bool)0>(cask_cudnn::ComputeOffsetsParams)",0.05,4.384,0.84
cudnn_ampere_scudnn_128x32_relu_small_nn_v1,16.75,379.808,10.34
"void cudnn::bn_fw_inf_1C11_kernel_NCHW<float, float, (bool)1, (int)1>(T2, T2, cudnnTensorStruct, const T1 *, cudnnTensorStruct, T1 *, cudnnTensorStruct, const T2 *, const T2 *, const T2 *, const T2 *, T2)",37.78,263.008,19.5
"void at::native::vectorized_elementwise_kernel<(int)4, at::native::<unnamed>::launch_clamp_scalar(at::TensorIteratorBase &, c10::Scalar, c10::Scalar, at::native::detail::ClampLimits)::[lambda() (instance 1)]::operator ()() const::[lambda() (instance 14)]::operator ()() const::[lambda(float) (instance 1)], at::detail::Array<char *, (int)2>>(int, T2, T3)",71.58,135.04,32.95
"void at::native::<unnamed>::conv_depthwise2d_forward_kernel<(int)3, float, int>(at::GenericPackedTensorAccessor<T2, (unsigned long)4, at::DefaultPtrTraits, int>, at::GenericPackedTensorAccessor<T2, (unsigned long)4, at::DefaultPtrTraits, int>, at::GenericPackedTensorAccessor<T2, (unsigned long)4, at::DefaultPtrTraits, int>, at::GenericPackedTensorAccessor<T2, (unsigned long)1, at::DefaultPtrTraits, int>, bool, T3, int, int, int, int, int, int, int, int, int, int, int, int, int, int)",9.15,1090.912,5.1
"void cudnn::bn_fw_inf_1C11_kernel_NCHW<float, float, (bool)1, (int)1>(T2, T2, cudnnTensorStruct, const T1 *, cudnnTensorStruct, T1 *, cudnnTensorStruct, const T2 *, const T2 *, const T2 *, const T2 *, T2)",37.62,264.16,19.35
"void at::native::vectorized_elementwise_kernel<(int)4, at::native::<unnamed>::launch_clamp_scalar(at::TensorIteratorBase &, c10::Scalar, c10::Scalar, at::native::detail::ClampLimits)::[lambda() (instance 1)]::operator ()() const::[lambda() (instance 14)]::operator ()() const::[lambda(float) (instance 1)], at::detail::Array<char *, (int)2>>(int, T2, T3)",71.3,135.552,32.83
"void cask_cudnn::computeOffsetsKernel<(bool)0, (bool)0>(cask_cudnn::ComputeOffsetsParams)",0.05,4.448,1.04
cudnn_ampere_scudnn_128x32_relu_interior_nn_v1,19.25,390.24,9.94
"void cudnn::bn_fw_inf_1C11_kernel_NCHW<float, float, (bool)1, (int)1>(T2, T2, cudnnTensorStruct, const T1 *, cudnnTensorStruct, T1 *, cudnnTensorStruct, const T2 *, const T2 *, const T2 *, const T2 *, T2)",33.67,137.472,18.06
void cutlass::Kernel<cutlass_80_tensorop_s1688gemm_256x64_16x4_nn_align4>(T1::Params),36.47,483.168,21.31
"void cudnn::bn_fw_inf_1C11_kernel_NCHW<float, float, (bool)1, (int)1>(T2, T2, cudnnTensorStruct, const T1 *, cudnnTensorStruct, T1 *, cudnnTensorStruct, const T2 *, const T2 *, const T2 *, const T2 *, T2)",40.33,773.024,20.21
"void at::native::vectorized_elementwise_kernel<(int)4, at::native::<unnamed>::launch_clamp_scalar(at::TensorIteratorBase &, c10::Scalar, c10::Scalar, at::native::detail::ClampLimits)::[lambda() (instance 1)]::operator ()() const::[lambda() (instance 14)]::operator ()() const::[lambda(float) (instance 1)], at::detail::Array<char *, (int)2>>(int, T2, T3)",76.53,403.616,33.75
"void at::native::<unnamed>::conv_depthwise2d_forward_kernel<(int)3, float, int>(at::GenericPackedTensorAccessor<T2, (unsigned long)4, at::DefaultPtrTraits, int>, at::GenericPackedTensorAccessor<T2, (unsigned long)4, at::DefaultPtrTraits, int>, at::GenericPackedTensorAccessor<T2, (unsigned long)4, at::DefaultPtrTraits, int>, at::GenericPackedTensorAccessor<T2, (unsigned long)1, at::DefaultPtrTraits, int>, bool, T3, int, int, int, int, int, int, int, int, int, int, int, int, int, int)",23.64,833.024,11.91
"void cudnn::bn_fw_inf_1C11_kernel_NCHW<float, float, (bool)1, (int)1>(T2, T2, cudnnTensorStruct, const T1 *, cudnnTensorStruct, T1 *, cudnnTensorStruct, const T2 *, const T2 *, const T2 *, const T2 *, T2)",33.63,216.992,17.47
"void at::native::vectorized_elementwise_kernel<(int)4, at::native::<unnamed>::launch_clamp_scalar(at::TensorIteratorBase &, c10::Scalar, c10::Scalar, at::native::detail::ClampLimits)::[lambda() (instance 1)]::operator ()() const::[lambda() (instance 14)]::operator ()() const::[lambda(float) (instance 1)], at::detail::Array<char *, (int)2>>(int, T2, T3)",68.88,101.536,32.46
void cutlass::Kernel<cutlass_80_tensorop_s1688gemm_256x64_16x4_nn_align4>(T1::Params),42.55,110.72,21.96
"void cudnn::bn_fw_inf_1C11_kernel_NCHW<float, float, (bool)1, (int)1>(T2, T2, cudnnTensorStruct, const T1 *, cudnnTensorStruct, T1 *, cudnnTensorStruct, const T2 *, const T2 *, const T2 *, const T2 *, T2)",23.91,55.2,15.06
void cutlass::Kernel<cutlass_80_tensorop_s1688gemm_256x64_16x4_nn_align4>(T1::Params),27.63,217.248,19.13
"void cudnn::bn_fw_inf_1C11_kernel_NCHW<float, float, (bool)1, (int)1>(T2, T2, cudnnTensorStruct, const T1 *, cudnnTensorStruct, T1 *, cudnnTensorStruct, const T2 *, const T2 *, const T2 *, const T2 *, T2)",34.86,323.744,17.85
"void at::native::vectorized_elementwise_kernel<(int)4, at::native::<unnamed>::launch_clamp_scalar(at::TensorIteratorBase &, c10::Scalar, c10::Scalar, at::native::detail::ClampLimits)::[lambda() (instance 1)]::operator ()() const::[lambda() (instance 14)]::operator ()() const::[lambda(float) (instance 1)], at::detail::Array<char *, (int)2>>(int, T2, T3)",72.12,152.32,32.91
"void at::native::<unnamed>::conv_depthwise2d_forward_kernel<(int)3, float, int>(at::GenericPackedTensorAccessor<T2, (unsigned long)4, at::DefaultPtrTraits, int>, at::GenericPackedTensorAccessor<T2, (unsigned long)4, at::DefaultPtrTraits, int>, at::GenericPackedTensorAccessor<T2, (unsigned long)4, at::DefaultPtrTraits, int>, at::GenericPackedTensorAccessor<T2, (unsigned long)1, at::DefaultPtrTraits, int>, bool, T3, int, int, int, int, int, int, int, int, int, int, int, int, int, int)",9.19,1229.76,4.91
"void cudnn::bn_fw_inf_1C11_kernel_NCHW<float, float, (bool)1, (int)1>(T2, T2, cudnnTensorStruct, const T1 *, cudnnTensorStruct, T1 *, cudnnTensorStruct, const T2 *, const T2 *, const T2 *, const T2 *, T2)",34.79,324.224,17.81
"void at::native::vectorized_elementwise_kernel<(int)4, at::native::<unnamed>::launch_clamp_scalar(at::TensorIteratorBase &, c10::Scalar, c10::Scalar, at::native::detail::ClampLimits)::[lambda() (instance 1)]::operator ()() const::[lambda() (instance 14)]::operator ()() const::[lambda(float) (instance 1)], at::detail::Array<char *, (int)2>>(int, T2, T3)",72.12,152.32,32.91
void cutlass::Kernel<cutlass_80_tensorop_s1688gemm_256x64_16x4_nn_align4>(T1::Params),48.47,139.968,24.73
"void cudnn::bn_fw_inf_1C11_kernel_NCHW<float, float, (bool)1, (int)1>(T2, T2, cudnnTensorStruct, const T1 *, cudnnTensorStruct, T1 *, cudnnTensorStruct, const T2 *, const T2 *, const T2 *, const T2 *, T2)",23.99,54.976,15.07
"void at::native::vectorized_elementwise_kernel<(int)4, at::native::CUDAFunctor_add<float>, at::detail::Array<char *, (int)3>>(int, T2, T3)",75.81,32.896,40.82
void cutlass::Kernel<cutlass_80_tensorop_s1688gemm_256x64_16x4_nn_align4>(T1::Params),27.51,218.304,19.07
"void cudnn::bn_fw_inf_1C11_kernel_NCHW<float, float, (bool)1, (int)1>(T2, T2, cudnnTensorStruct, const T1 *, cudnnTensorStruct, T1 *, cudnnTensorStruct, const T2 *, const T2 *, const T2 *, const T2 *, T2)",34.2,329.92,17.48
"void at::native::vectorized_elementwise_kernel<(int)4, at::native::<unnamed>::launch_clamp_scalar(at::TensorIteratorBase &, c10::Scalar, c10::Scalar, at::native::detail::ClampLimits)::[lambda() (instance 1)]::operator ()() const::[lambda() (instance 14)]::operator ()() const::[lambda(float) (instance 1)], at::detail::Array<char *, (int)2>>(int, T2, T3)",65.95,166.464,30.09
"void at::native::<unnamed>::conv_depthwise2d_forward_kernel<(int)3, float, int>(at::GenericPackedTensorAccessor<T2, (unsigned long)4, at::DefaultPtrTraits, int>, at::GenericPackedTensorAccessor<T2, (unsigned long)4, at::DefaultPtrTraits, int>, at::GenericPackedTensorAccessor<T2, (unsigned long)4, at::DefaultPtrTraits, int>, at::GenericPackedTensorAccessor<T2, (unsigned long)1, at::DefaultPtrTraits, int>, bool, T3, int, int, int, int, int, int, int, int, int, int, int, int, int, int)",22.91,316.96,11.37
"void cudnn::bn_fw_inf_1C11_kernel_NCHW<float, float, (bool)1, (int)1>(T2, T2, cudnnTensorStruct, const T1 *, cudnnTensorStruct, T1 *, cudnnTensorStruct, const T2 *, const T2 *, const T2 *, const T2 *, T2)",26.04,89.92,14.85
"void at::native::vectorized_elementwise_kernel<(int)4, at::native::<unnamed>::launch_clamp_scalar(at::TensorIteratorBase &, c10::Scalar, c10::Scalar, at::native::detail::ClampLimits)::[lambda() (instance 1)]::operator ()() const::[lambda() (instance 14)]::operator ()() const::[lambda(float) (instance 1)], at::detail::Array<char *, (int)2>>(int, T2, T3)",46.1,43.936,26.05
void cutlass::Kernel<cutlass_80_tensorop_s1688gemm_256x64_16x4_nn_align4>(T1::Params),30.06,52.896,15.57
"void cudnn::bn_fw_inf_1C11_kernel_NCHW<float, float, (bool)1, (int)1>(T2, T2, cudnnTensorStruct, const T1 *, cudnnTensorStruct, T1 *, cudnnTensorStruct, const T2 *, const T2 *, const T2 *, const T2 *, T2)",14.15,23.552,11.11
void cutlass::Kernel<cutlass_80_tensorop_s1688gemm_256x64_16x4_nn_align4>(T1::Params),17.29,79.392,16.89
"void cudnn::bn_fw_inf_1C11_kernel_NCHW<float, float, (bool)1, (int)1>(T2, T2, cudnnTensorStruct, const T1 *, cudnnTensorStruct, T1 *, cudnnTensorStruct, const T2 *, const T2 *, const T2 *, const T2 *, T2)",27.56,121.12,15.37
"void at::native::vectorized_elementwise_kernel<(int)4, at::native::<unnamed>::launch_clamp_scalar(at::TensorIteratorBase &, c10::Scalar, c10::Scalar, at::native::detail::ClampLimits)::[lambda() (instance 1)]::operator ()() const::[lambda() (instance 14)]::operator ()() const::[lambda(float) (instance 1)], at::detail::Array<char *, (int)2>>(int, T2, T3)",52.31,57.6,27.26
"void at::native::<unnamed>::conv_depthwise2d_forward_kernel<(int)3, float, int>(at::GenericPackedTensorAccessor<T2, (unsigned long)4, at::DefaultPtrTraits, int>, at::GenericPackedTensorAccessor<T2, (unsigned long)4, at::DefaultPtrTraits, int>, at::GenericPackedTensorAccessor<T2, (unsigned long)4, at::DefaultPtrTraits, int>, at::GenericPackedTensorAccessor<T2, (unsigned long)1, at::DefaultPtrTraits, int>, bool, T3, int, int, int, int, int, int, int, int, int, int, int, int, int, int)",8.11,411.68,4.57
"void cudnn::bn_fw_inf_1C11_kernel_NCHW<float, float, (bool)1, (int)1>(T2, T2, cudnnTensorStruct, const T1 *, cudnnTensorStruct, T1 *, cudnnTensorStruct, const T2 *, const T2 *, const T2 *, const T2 *, T2)",27.71,120.224,15.23
"void at::native::vectorized_elementwise_kernel<(int)4, at::native::<unnamed>::launch_clamp_scalar(at::TensorIteratorBase &, c10::Scalar, c10::Scalar, at::native::detail::ClampLimits)::[lambda() (instance 1)]::operator ()() const::[lambda() (instance 14)]::operator ()() const::[lambda(float) (instance 1)], at::detail::Array<char *, (int)2>>(int, T2, T3)",53.21,56.672,27.55
void cutlass::Kernel<cutlass_80_tensorop_s1688gemm_256x64_16x4_nn_align4>(T1::Params),34.69,62.048,17.77
"void cudnn::bn_fw_inf_1C11_kernel_NCHW<float, float, (bool)1, (int)1>(T2, T2, cudnnTensorStruct, const T1 *, cudnnTensorStruct, T1 *, cudnnTensorStruct, const T2 *, const T2 *, const T2 *, const T2 *, T2)",14.37,23.168,11.3
"void at::native::vectorized_elementwise_kernel<(int)4, at::native::CUDAFunctor_add<float>, at::detail::Array<char *, (int)3>>(int, T2, T3)",52.07,12.832,30.43
void cutlass::Kernel<cutlass_80_tensorop_s1688gemm_256x64_16x4_nn_align4>(T1::Params),17.37,79.232,17.12
"void cudnn::bn_fw_inf_1C11_kernel_NCHW<float, float, (bool)1, (int)1>(T2, T2, cudnnTensorStruct, const T1 *, cudnnTensorStruct, T1 *, cudnnTensorStruct, const T2 *, const T2 *, const T2 *, const T2 *, T2)",27.68,120.576,15.41
"void at::native::vectorized_elementwise_kernel<(int)4, at::native::<unnamed>::launch_clamp_scalar(at::TensorIteratorBase &, c10::Scalar, c10::Scalar, at::native::detail::ClampLimits)::[lambda() (instance 1)]::operator ()() const::[lambda() (instance 14)]::operator ()() const::[lambda(float) (instance 1)], at::detail::Array<char *, (int)2>>(int, T2, T3)",53.11,56.768,27.69
"void at::native::<unnamed>::conv_depthwise2d_forward_kernel<(int)3, float, int>(at::GenericPackedTensorAccessor<T2, (unsigned long)4, at::DefaultPtrTraits, int>, at::GenericPackedTensorAccessor<T2, (unsigned long)4, at::DefaultPtrTraits, int>, at::GenericPackedTensorAccessor<T2, (unsigned long)4, at::DefaultPtrTraits, int>, at::GenericPackedTensorAccessor<T2, (unsigned long)1, at::DefaultPtrTraits, int>, bool, T3, int, int, int, int, int, int, int, int, int, int, int, int, int, int)",8.07,411.264,4.57
"void cudnn::bn_fw_inf_1C11_kernel_NCHW<float, float, (bool)1, (int)1>(T2, T2, cudnnTensorStruct, const T1 *, cudnnTensorStruct, T1 *, cudnnTensorStruct, const T2 *, const T2 *, const T2 *, const T2 *, T2)",27.67,120.544,15.3
"void at::native::vectorized_elementwise_kernel<(int)4, at::native::<unnamed>::launch_clamp_scalar(at::TensorIteratorBase &, c10::Scalar, c10::Scalar, at::native::detail::ClampLimits)::[lambda() (instance 1)]::operator ()() const::[lambda() (instance 14)]::operator ()() const::[lambda(float) (instance 1)], at::detail::Array<char *, (int)2>>(int, T2, T3)",52.65,57.248,27.34
void cutlass::Kernel<cutlass_80_tensorop_s1688gemm_256x64_16x4_nn_align4>(T1::Params),34.8,61.92,17.85
"void cudnn::bn_fw_inf_1C11_kernel_NCHW<float, float, (bool)1, (int)1>(T2, T2, cudnnTensorStruct, const T1 *, cudnnTensorStruct, T1 *, cudnnTensorStruct, const T2 *, const T2 *, const T2 *, const T2 *, T2)",14.11,23.584,11.03
"void at::native::vectorized_elementwise_kernel<(int)4, at::native::CUDAFunctor_add<float>, at::detail::Array<char *, (int)3>>(int, T2, T3)",51.12,13.056,29.96
void cutlass::Kernel<cutlass_80_tensorop_s1688gemm_256x64_16x4_nn_align4>(T1::Params),17.44,78.784,17.22
"void cudnn::bn_fw_inf_1C11_kernel_NCHW<float, float, (bool)1, (int)1>(T2, T2, cudnnTensorStruct, const T1 *, cudnnTensorStruct, T1 *, cudnnTensorStruct, const T2 *, const T2 *, const T2 *, const T2 *, T2)",27.57,121.12,15.34
"void at::native::vectorized_elementwise_kernel<(int)4, at::native::<unnamed>::launch_clamp_scalar(at::TensorIteratorBase &, c10::Scalar, c10::Scalar, at::native::detail::ClampLimits)::[lambda() (instance 1)]::operator ()() const::[lambda() (instance 14)]::operator ()() const::[lambda(float) (instance 1)], at::detail::Array<char *, (int)2>>(int, T2, T3)",52.59,57.312,27.37
"void at::native::<unnamed>::conv_depthwise2d_forward_kernel<(int)3, float, int>(at::GenericPackedTensorAccessor<T2, (unsigned long)4, at::DefaultPtrTraits, int>, at::GenericPackedTensorAccessor<T2, (unsigned long)4, at::DefaultPtrTraits, int>, at::GenericPackedTensorAccessor<T2, (unsigned long)4, at::DefaultPtrTraits, int>, at::GenericPackedTensorAccessor<T2, (unsigned long)1, at::DefaultPtrTraits, int>, bool, T3, int, int, int, int, int, int, int, int, int, int, int, int, int, int)",20.93,109.024,10.02
"void cudnn::bn_fw_inf_1C11_kernel_NCHW<float, float, (bool)1, (int)1>(T2, T2, cudnnTensorStruct, const T1 *, cudnnTensorStruct, T1 *, cudnnTensorStruct, const T2 *, const T2 *, const T2 *, const T2 *, T2)",16.01,31.456,13.16
"void at::native::vectorized_elementwise_kernel<(int)4, at::native::<unnamed>::launch_clamp_scalar(at::TensorIteratorBase &, c10::Scalar, c10::Scalar, at::native::detail::ClampLimits)::[lambda() (instance 1)]::operator ()() const::[lambda() (instance 14)]::operator ()() const::[lambda(float) (instance 1)], at::detail::Array<char *, (int)2>>(int, T2, T3)",31.15,16.032,24.0
void cutlass::Kernel<cutlass_80_tensorop_s1688gemm_64x64_16x6_nn_align4>(T1::Params),16.64,30.208,16.87
"void cudnn::bn_fw_inf_1C11_kernel_NCHW<float, float, (bool)1, (int)1>(T2, T2, cudnnTensorStruct, const T1 *, cudnnTensorStruct, T1 *, cudnnTensorStruct, const T2 *, const T2 *, const T2 *, const T2 *, T2)",10.38,16.096,9.01
void cutlass::Kernel<cutlass_80_tensorop_s1688gemm_256x64_16x4_nn_align4>(T1::Params),4.79,54.4,16.87
"void cudnn::bn_fw_inf_1C11_kernel_NCHW<float, float, (bool)1, (int)1>(T2, T2, cudnnTensorStruct, const T1 *, cudnnTensorStruct, T1 *, cudnnTensorStruct, const T2 *, const T2 *, const T2 *, const T2 *, T2)",22.32,61.152,15.23
"void at::native::vectorized_elementwise_kernel<(int)4, at::native::<unnamed>::launch_clamp_scalar(at::TensorIteratorBase &, c10::Scalar, c10::Scalar, at::native::detail::ClampLimits)::[lambda() (instance 1)]::operator ()() const::[lambda() (instance 14)]::operator ()() const::[lambda(float) (instance 1)], at::detail::Array<char *, (int)2>>(int, T2, T3)",35.47,30.208,25.08
"void at::native::<unnamed>::conv_depthwise2d_forward_kernel<(int)3, float, int>(at::GenericPackedTensorAccessor<T2, (unsigned long)4, at::DefaultPtrTraits, int>, at::GenericPackedTensorAccessor<T2, (unsigned long)4, at::DefaultPtrTraits, int>, at::GenericPackedTensorAccessor<T2, (unsigned long)4, at::DefaultPtrTraits, int>, at::GenericPackedTensorAccessor<T2, (unsigned long)1, at::DefaultPtrTraits, int>, bool, T3, int, int, int, int, int, int, int, int, int, int, int, int, int, int)",6.58,207.52,4.14
"void cudnn::bn_fw_inf_1C11_kernel_NCHW<float, float, (bool)1, (int)1>(T2, T2, cudnnTensorStruct, const T1 *, cudnnTensorStruct, T1 *, cudnnTensorStruct, const T2 *, const T2 *, const T2 *, const T2 *, T2)",22.24,61.44,14.92
"void at::native::vectorized_elementwise_kernel<(int)4, at::native::<unnamed>::launch_clamp_scalar(at::TensorIteratorBase &, c10::Scalar, c10::Scalar, at::native::detail::ClampLimits)::[lambda() (instance 1)]::operator ()() const::[lambda() (instance 14)]::operator ()() const::[lambda(float) (instance 1)], at::detail::Array<char *, (int)2>>(int, T2, T3)",36.41,29.696,25.59
void cutlass::Kernel<cutlass_80_tensorop_s1688gemm_64x64_16x6_nn_align4>(T1::Params),22.38,45.984,20.38
"void cudnn::bn_fw_inf_1C11_kernel_NCHW<float, float, (bool)1, (int)1>(T2, T2, cudnnTensorStruct, const T1 *, cudnnTensorStruct, T1 *, cudnnTensorStruct, const T2 *, const T2 *, const T2 *, const T2 *, T2)",10.31,16.16,8.84
"void at::native::vectorized_elementwise_kernel<(int)4, at::native::CUDAFunctor_add<float>, at::detail::Array<char *, (int)3>>(int, T2, T3)",37.65,8.864,22.43
void cutlass::Kernel<cutlass_80_tensorop_s1688gemm_256x64_16x4_nn_align4>(T1::Params),4.76,53.632,17.15
"void cudnn::bn_fw_inf_1C11_kernel_NCHW<float, float, (bool)1, (int)1>(T2, T2, cudnnTensorStruct, const T1 *, cudnnTensorStruct, T1 *, cudnnTensorStruct, const T2 *, const T2 *, const T2 *, const T2 *, T2)",22.22,61.28,15.09
"void at::native::vectorized_elementwise_kernel<(int)4, at::native::<unnamed>::launch_clamp_scalar(at::TensorIteratorBase &, c10::Scalar, c10::Scalar, at::native::detail::ClampLimits)::[lambda() (instance 1)]::operator ()() const::[lambda() (instance 14)]::operator ()() const::[lambda(float) (instance 1)], at::detail::Array<char *, (int)2>>(int, T2, T3)",35.93,29.92,25.32
"void at::native::<unnamed>::conv_depthwise2d_forward_kernel<(int)3, float, int>(at::GenericPackedTensorAccessor<T2, (unsigned long)4, at::DefaultPtrTraits, int>, at::GenericPackedTensorAccessor<T2, (unsigned long)4, at::DefaultPtrTraits, int>, at::GenericPackedTensorAccessor<T2, (unsigned long)4, at::DefaultPtrTraits, int>, at::GenericPackedTensorAccessor<T2, (unsigned long)1, at::DefaultPtrTraits, int>, bool, T3, int, int, int, int, int, int, int, int, int, int, int, int, int, int)",6.49,207.648,4.15
"void cudnn::bn_fw_inf_1C11_kernel_NCHW<float, float, (bool)1, (int)1>(T2, T2, cudnnTensorStruct, const T1 *, cudnnTensorStruct, T1 *, cudnnTensorStruct, const T2 *, const T2 *, const T2 *, const T2 *, T2)",22.1,61.568,14.94
"void at::native::vectorized_elementwise_kernel<(int)4, at::native::<unnamed>::launch_clamp_scalar(at::TensorIteratorBase &, c10::Scalar, c10::Scalar, at::native::detail::ClampLimits)::[lambda() (instance 1)]::operator ()() const::[lambda() (instance 14)]::operator ()() const::[lambda(float) (instance 1)], at::detail::Array<char *, (int)2>>(int, T2, T3)",35.68,29.888,25.42
void cutlass::Kernel<cutlass_80_tensorop_s1688gemm_64x64_16x6_nn_align4>(T1::Params),22.29,46.144,20.35
"void cudnn::bn_fw_inf_1C11_kernel_NCHW<float, float, (bool)1, (int)1>(T2, T2, cudnnTensorStruct, const T1 *, cudnnTensorStruct, T1 *, cudnnTensorStruct, const T2 *, const T2 *, const T2 *, const T2 *, T2)",10.76,15.52,9.27
"void at::native::vectorized_elementwise_kernel<(int)4, at::native::CUDAFunctor_add<float>, at::detail::Array<char *, (int)3>>(int, T2, T3)",37.11,8.96,22.31
void cutlass::Kernel<cutlass_80_tensorop_s1688gemm_256x64_16x4_nn_align4>(T1::Params),4.7,54.4,16.94
"void cudnn::bn_fw_inf_1C11_kernel_NCHW<float, float, (bool)1, (int)1>(T2, T2, cudnnTensorStruct, const T1 *, cudnnTensorStruct, T1 *, cudnnTensorStruct, const T2 *, const T2 *, const T2 *, const T2 *, T2)",22.21,61.44,15.13
"void at::native::vectorized_elementwise_kernel<(int)4, at::native::<unnamed>::launch_clamp_scalar(at::TensorIteratorBase &, c10::Scalar, c10::Scalar, at::native::detail::ClampLimits)::[lambda() (instance 1)]::operator ()() const::[lambda() (instance 14)]::operator ()() const::[lambda(float) (instance 1)], at::detail::Array<char *, (int)2>>(int, T2, T3)",36.28,29.952,25.26
"void at::native::<unnamed>::conv_depthwise2d_forward_kernel<(int)3, float, int>(at::GenericPackedTensorAccessor<T2, (unsigned long)4, at::DefaultPtrTraits, int>, at::GenericPackedTensorAccessor<T2, (unsigned long)4, at::DefaultPtrTraits, int>, at::GenericPackedTensorAccessor<T2, (unsigned long)4, at::DefaultPtrTraits, int>, at::GenericPackedTensorAccessor<T2, (unsigned long)1, at::DefaultPtrTraits, int>, bool, T3, int, int, int, int, int, int, int, int, int, int, int, int, int, int)",6.53,207.328,4.16
"void cudnn::bn_fw_inf_1C11_kernel_NCHW<float, float, (bool)1, (int)1>(T2, T2, cudnnTensorStruct, const T1 *, cudnnTensorStruct, T1 *, cudnnTensorStruct, const T2 *, const T2 *, const T2 *, const T2 *, T2)",22.31,60.896,15.03
"void at::native::vectorized_elementwise_kernel<(int)4, at::native::<unnamed>::launch_clamp_scalar(at::TensorIteratorBase &, c10::Scalar, c10::Scalar, at::native::detail::ClampLimits)::[lambda() (instance 1)]::operator ()() const::[lambda() (instance 14)]::operator ()() const::[lambda(float) (instance 1)], at::detail::Array<char *, (int)2>>(int, T2, T3)",35.43,29.92,25.31
void cutlass::Kernel<cutlass_80_tensorop_s1688gemm_64x64_16x6_nn_align4>(T1::Params),22.07,46.336,20.13
"void cudnn::bn_fw_inf_1C11_kernel_NCHW<float, float, (bool)1, (int)1>(T2, T2, cudnnTensorStruct, const T1 *, cudnnTensorStruct, T1 *, cudnnTensorStruct, const T2 *, const T2 *, const T2 *, const T2 *, T2)",10.48,15.936,9.0
"void at::native::vectorized_elementwise_kernel<(int)4, at::native::CUDAFunctor_add<float>, at::detail::Array<char *, (int)3>>(int, T2, T3)",36.87,9.088,22.11
void cutlass::Kernel<cutlass_80_tensorop_s1688gemm_256x64_16x4_nn_align4>(T1::Params),4.69,53.792,17.06
"void cudnn::bn_fw_inf_1C11_kernel_NCHW<float, float, (bool)1, (int)1>(T2, T2, cudnnTensorStruct, const T1 *, cudnnTensorStruct, T1 *, cudnnTensorStruct, const T2 *, const T2 *, const T2 *, const T2 *, T2)",22.21,61.44,15.1
"void at::native::vectorized_elementwise_kernel<(int)4, at::native::<unnamed>::launch_clamp_scalar(at::TensorIteratorBase &, c10::Scalar, c10::Scalar, at::native::detail::ClampLimits)::[lambda() (instance 1)]::operator ()() const::[lambda() (instance 14)]::operator ()() const::[lambda(float) (instance 1)], at::detail::Array<char *, (int)2>>(int, T2, T3)",35.79,30.08,25.27
"void at::native::<unnamed>::conv_depthwise2d_forward_kernel<(int)3, float, int>(at::GenericPackedTensorAccessor<T2, (unsigned long)4, at::DefaultPtrTraits, int>, at::GenericPackedTensorAccessor<T2, (unsigned long)4, at::DefaultPtrTraits, int>, at::GenericPackedTensorAccessor<T2, (unsigned long)4, at::DefaultPtrTraits, int>, at::GenericPackedTensorAccessor<T2, (unsigned long)1, at::DefaultPtrTraits, int>, bool, T3, int, int, int, int, int, int, int, int, int, int, int, int, int, int)",6.51,207.232,4.16
"void cudnn::bn_fw_inf_1C11_kernel_NCHW<float, float, (bool)1, (int)1>(T2, T2, cudnnTensorStruct, const T1 *, cudnnTensorStruct, T1 *, cudnnTensorStruct, const T2 *, const T2 *, const T2 *, const T2 *, T2)",22.23,61.152,15.01
"void at::native::vectorized_elementwise_kernel<(int)4, at::native::<unnamed>::launch_clamp_scalar(at::TensorIteratorBase &, c10::Scalar, c10::Scalar, at::native::detail::ClampLimits)::[lambda() (instance 1)]::operator ()() const::[lambda() (instance 14)]::operator ()() const::[lambda(float) (instance 1)], at::detail::Array<char *, (int)2>>(int, T2, T3)",35.81,29.792,25.45
void cutlass::Kernel<cutlass_80_tensorop_s1688gemm_256x64_16x4_nn_align4>(T1::Params),17.64,59.456,19.51
"void cudnn::bn_fw_inf_1C11_kernel_NCHW<float, float, (bool)1, (int)1>(T2, T2, cudnnTensorStruct, const T1 *, cudnnTensorStruct, T1 *, cudnnTensorStruct, const T2 *, const T2 *, const T2 *, const T2 *, T2)",12.87,19.424,11.04
void cutlass::Kernel<cutlass_80_tensorop_s1688gemm_256x64_16x4_nn_align4>(T1::Params),8.75,93.568,18.85
"void cudnn::bn_fw_inf_1C11_kernel_NCHW<float, float, (bool)1, (int)1>(T2, T2, cudnnTensorStruct, const T1 *, cudnnTensorStruct, T1 *, cudnnTensorStruct, const T2 *, const T2 *, const T2 *, const T2 *, T2)",25.48,92.864,15.8
"void at::native::vectorized_elementwise_kernel<(int)4, at::native::<unnamed>::launch_clamp_scalar(at::TensorIteratorBase &, c10::Scalar, c10::Scalar, at::native::detail::ClampLimits)::[lambda() (instance 1)]::operator ()() const::[lambda() (instance 14)]::operator ()() const::[lambda(float) (instance 1)], at::detail::Array<char *, (int)2>>(int, T2, T3)",46.88,43.2,26.62
"void at::native::<unnamed>::conv_depthwise2d_forward_kernel<(int)3, float, int>(at::GenericPackedTensorAccessor<T2, (unsigned long)4, at::DefaultPtrTraits, int>, at::GenericPackedTensorAccessor<T2, (unsigned long)4, at::DefaultPtrTraits, int>, at::GenericPackedTensorAccessor<T2, (unsigned long)4, at::DefaultPtrTraits, int>, at::GenericPackedTensorAccessor<T2, (unsigned long)1, at::DefaultPtrTraits, int>, bool, T3, int, int, int, int, int, int, int, int, int, int, int, int, int, int)",7.59,309.728,4.43
"void cudnn::bn_fw_inf_1C11_kernel_NCHW<float, float, (bool)1, (int)1>(T2, T2, cudnnTensorStruct, const T1 *, cudnnTensorStruct, T1 *, cudnnTensorStruct, const T2 *, const T2 *, const T2 *, const T2 *, T2)",25.15,93.728,15.47
"void at::native::vectorized_elementwise_kernel<(int)4, at::native::<unnamed>::launch_clamp_scalar(at::TensorIteratorBase &, c10::Scalar, c10::Scalar, at::native::detail::ClampLimits)::[lambda() (instance 1)]::operator ()() const::[lambda() (instance 14)]::operator ()() const::[lambda(float) (instance 1)], at::detail::Array<char *, (int)2>>(int, T2, T3)",46.45,43.552,26.33
void cutlass::Kernel<cutlass_80_tensorop_s1688gemm_256x64_16x4_nn_align4>(T1::Params),19.53,81.152,21.41
"void cudnn::bn_fw_inf_1C11_kernel_NCHW<float, float, (bool)1, (int)1>(T2, T2, cudnnTensorStruct, const T1 *, cudnnTensorStruct, T1 *, cudnnTensorStruct, const T2 *, const T2 *, const T2 *, const T2 *, T2)",12.69,19.68,10.69
"void at::native::vectorized_elementwise_kernel<(int)4, at::native::CUDAFunctor_add<float>, at::detail::Array<char *, (int)3>>(int, T2, T3)",44.45,11.264,26.0
void cutlass::Kernel<cutlass_80_tensorop_s1688gemm_256x64_16x4_nn_align4>(T1::Params),8.76,93.184,19.01
"void cudnn::bn_fw_inf_1C11_kernel_NCHW<float, float, (bool)1, (int)1>(T2, T2, cudnnTensorStruct, const T1 *, cudnnTensorStruct, T1 *, cudnnTensorStruct, const T2 *, const T2 *, const T2 *, const T2 *, T2)",25.38,92.64,15.83
"void at::native::vectorized_elementwise_kernel<(int)4, at::native::<unnamed>::launch_clamp_scalar(at::TensorIteratorBase &, c10::Scalar, c10::Scalar, at::native::detail::ClampLimits)::[lambda() (instance 1)]::operator ()() const::[lambda() (instance 14)]::operator ()() const::[lambda(float) (instance 1)], at::detail::Array<char *, (int)2>>(int, T2, T3)",46.37,43.584,26.1
"void at::native::<unnamed>::conv_depthwise2d_forward_kernel<(int)3, float, int>(at::GenericPackedTensorAccessor<T2, (unsigned long)4, at::DefaultPtrTraits, int>, at::GenericPackedTensorAccessor<T2, (unsigned long)4, at::DefaultPtrTraits, int>, at::GenericPackedTensorAccessor<T2, (unsigned long)4, at::DefaultPtrTraits, int>, at::GenericPackedTensorAccessor<T2, (unsigned long)1, at::DefaultPtrTraits, int>, bool, T3, int, int, int, int, int, int, int, int, int, int, int, int, int, int)",7.6,309.376,4.41
"void cudnn::bn_fw_inf_1C11_kernel_NCHW<float, float, (bool)1, (int)1>(T2, T2, cudnnTensorStruct, const T1 *, cudnnTensorStruct, T1 *, cudnnTensorStruct, const T2 *, const T2 *, const T2 *, const T2 *, T2)",24.97,94.464,15.41
"void at::native::vectorized_elementwise_kernel<(int)4, at::native::<unnamed>::launch_clamp_scalar(at::TensorIteratorBase &, c10::Scalar, c10::Scalar, at::native::detail::ClampLimits)::[lambda() (instance 1)]::operator ()() const::[lambda() (instance 14)]::operator ()() const::[lambda(float) (instance 1)], at::detail::Array<char *, (int)2>>(int, T2, T3)",45.92,44.064,25.92
void cutlass::Kernel<cutlass_80_tensorop_s1688gemm_256x64_16x4_nn_align4>(T1::Params),19.55,81.152,21.67
"void cudnn::bn_fw_inf_1C11_kernel_NCHW<float, float, (bool)1, (int)1>(T2, T2, cudnnTensorStruct, const T1 *, cudnnTensorStruct, T1 *, cudnnTensorStruct, const T2 *, const T2 *, const T2 *, const T2 *, T2)",12.4,20.16,10.42
"void at::native::vectorized_elementwise_kernel<(int)4, at::native::CUDAFunctor_add<float>, at::detail::Array<char *, (int)3>>(int, T2, T3)",45.57,11.008,26.54
void cutlass::Kernel<cutlass_80_tensorop_s1688gemm_256x64_16x4_nn_align4>(T1::Params),8.79,92.512,19.18
"void cudnn::bn_fw_inf_1C11_kernel_NCHW<float, float, (bool)1, (int)1>(T2, T2, cudnnTensorStruct, const T1 *, cudnnTensorStruct, T1 *, cudnnTensorStruct, const T2 *, const T2 *, const T2 *, const T2 *, T2)",25.37,93.088,15.75
"void at::native::vectorized_elementwise_kernel<(int)4, at::native::<unnamed>::launch_clamp_scalar(at::TensorIteratorBase &, c10::Scalar, c10::Scalar, at::native::detail::ClampLimits)::[lambda() (instance 1)]::operator ()() const::[lambda() (instance 14)]::operator ()() const::[lambda(float) (instance 1)], at::detail::Array<char *, (int)2>>(int, T2, T3)",46.21,43.712,26.3
"void at::native::<unnamed>::conv_depthwise2d_forward_kernel<(int)3, float, int>(at::GenericPackedTensorAccessor<T2, (unsigned long)4, at::DefaultPtrTraits, int>, at::GenericPackedTensorAccessor<T2, (unsigned long)4, at::DefaultPtrTraits, int>, at::GenericPackedTensorAccessor<T2, (unsigned long)4, at::DefaultPtrTraits, int>, at::GenericPackedTensorAccessor<T2, (unsigned long)1, at::DefaultPtrTraits, int>, bool, T3, int, int, int, int, int, int, int, int, int, int, int, int, int, int)",19.82,83.648,9.39
"void cudnn::bn_fw_inf_1C11_kernel_NCHW<float, float, (bool)1, (int)1>(T2, T2, cudnnTensorStruct, const T1 *, cudnnTensorStruct, T1 *, cudnnTensorStruct, const T2 *, const T2 *, const T2 *, const T2 *, T2)",6.36,58.88,5.89
"void at::native::vectorized_elementwise_kernel<(int)4, at::native::<unnamed>::launch_clamp_scalar(at::TensorIteratorBase &, c10::Scalar, c10::Scalar, at::native::detail::ClampLimits)::[lambda() (instance 1)]::operator ()() const::[lambda() (instance 14)]::operator ()() const::[lambda(float) (instance 1)], at::detail::Array<char *, (int)2>>(int, T2, T3)",26.11,14.368,20.03
"void cudnn::ops::nchwToNhwcKernel<float, float, float, (bool)0, (bool)1, (cudnnKernelDataType_t)2>(cudnn::ops::nchw2nhwc_params_t<T3>, const T1 *, T2 *)",19.91,18.816,18.0
"void cudnn::ops::nchwToNhwcKernel<float, float, float, (bool)0, (bool)1, (cudnnKernelDataType_t)2>(cudnn::ops::nchw2nhwc_params_t<T3>, const T1 *, T2 *)",1.0,19.616,1.16
void cutlass_cudnn::Kernel<cutlass_tensorop_s1688fprop_optimized_tf32_64x128_16x6_nhwc_align4>(T1::Params),8.25,47.776,11.22
"void cudnn::ops::nhwcToNchwKernel<float, float, float, (bool)1, (bool)0, (cudnnKernelDataType_t)0>(cudnn::ops::nhwc2nchw_params_t<T3>, const T1 *, T2 *)",10.05,10.432,9.56
"void cudnn::bn_fw_inf_1C11_kernel_NCHW<float, float, (bool)1, (int)1>(T2, T2, cudnnTensorStruct, const T1 *, cudnnTensorStruct, T1 *, cudnnTensorStruct, const T2 *, const T2 *, const T2 *, const T2 *, T2)",5.02,20.8,5.05
"void cudnn::ops::nchwToNhwcKernel<float, float, float, (bool)0, (bool)1, (cudnnKernelDataType_t)2>(cudnn::ops::nchw2nhwc_params_t<T3>, const T1 *, T2 *)",11.53,9.056,10.3
"void cudnn::ops::nchwToNhwcKernel<float, float, float, (bool)0, (bool)1, (cudnnKernelDataType_t)2>(cudnn::ops::nchw2nhwc_params_t<T3>, const T1 *, T2 *)",1.04,30.944,1.1
void cutlass_cudnn::Kernel<cutlass_tensorop_s1688fprop_optimized_tf32_128x128_16x4_nhwc_align4>(T1::Params),2.87,48.0,14.69
"void cudnn::ops::nhwcToNchwKernel<float, float, float, (bool)1, (bool)0, (cudnnKernelDataType_t)0>(cudnn::ops::nhwc2nchw_params_t<T3>, const T1 *, T2 *)",21.53,31.072,18.41
"void cudnn::bn_fw_inf_1C11_kernel_NCHW<float, float, (bool)1, (int)1>(T2, T2, cudnnTensorStruct, const T1 *, cudnnTensorStruct, T1 *, cudnnTensorStruct, const T2 *, const T2 *, const T2 *, const T2 *, T2)",7.32,93.216,6.22
"void at::native::vectorized_elementwise_kernel<(int)4, at::native::<unnamed>::launch_clamp_scalar(at::TensorIteratorBase &, c10::Scalar, c10::Scalar, at::native::detail::ClampLimits)::[lambda() (instance 1)]::operator ()() const::[lambda() (instance 14)]::operator ()() const::[lambda(float) (instance 1)], at::detail::Array<char *, (int)2>>(int, T2, T3)",30.63,20.384,23.0
"void at::native::<unnamed>::conv_depthwise2d_forward_kernel<(int)3, float, int>(at::GenericPackedTensorAccessor<T2, (unsigned long)4, at::DefaultPtrTraits, int>, at::GenericPackedTensorAccessor<T2, (unsigned long)4, at::DefaultPtrTraits, int>, at::GenericPackedTensorAccessor<T2, (unsigned long)4, at::DefaultPtrTraits, int>, at::GenericPackedTensorAccessor<T2, (unsigned long)1, at::DefaultPtrTraits, int>, bool, T3, int, int, int, int, int, int, int, int, int, int, int, int, int, int)",5.01,130.912,3.89
"void cudnn::bn_fw_inf_1C11_kernel_NCHW<float, float, (bool)1, (int)1>(T2, T2, cudnnTensorStruct, const T1 *, cudnnTensorStruct, T1 *, cudnnTensorStruct, const T2 *, const T2 *, const T2 *, const T2 *, T2)",7.15,93.632,6.34
"void at::native::vectorized_elementwise_kernel<(int)4, at::native::<unnamed>::launch_clamp_scalar(at::TensorIteratorBase &, c10::Scalar, c10::Scalar, at::native::detail::ClampLimits)::[lambda() (instance 1)]::operator ()() const::[lambda() (instance 14)]::operator ()() const::[lambda(float) (instance 1)], at::detail::Array<char *, (int)2>>(int, T2, T3)",30.75,20.32,23.39
"void cudnn::ops::nchwToNhwcKernel<float, float, float, (bool)0, (bool)1, (cudnnKernelDataType_t)2>(cudnn::ops::nchw2nhwc_params_t<T3>, const T1 *, T2 *)",24.05,27.776,20.68
"void cudnn::ops::nchwToNhwcKernel<float, float, float, (bool)0, (bool)1, (cudnnKernelDataType_t)2>(cudnn::ops::nchw2nhwc_params_t<T3>, const T1 *, T2 *)",1.09,29.536,1.12
void cutlass_cudnn::Kernel<cutlass_tensorop_s1688fprop_optimized_tf32_64x128_16x6_nhwc_align4>(T1::Params),8.81,74.496,11.49
"void cudnn::ops::nhwcToNchwKernel<float, float, float, (bool)1, (bool)0, (cudnnKernelDataType_t)0>(cudnn::ops::nhwc2nchw_params_t<T3>, const T1 *, T2 *)",10.23,10.24,9.83
"void cudnn::bn_fw_inf_1C11_kernel_NCHW<float, float, (bool)1, (int)1>(T2, T2, cudnnTensorStruct, const T1 *, cudnnTensorStruct, T1 *, cudnnTensorStruct, const T2 *, const T2 *, const T2 *, const T2 *, T2)",5.02,20.768,5.01
"void at::native::vectorized_elementwise_kernel<(int)4, at::native::CUDAFunctor_add<float>, at::detail::Array<char *, (int)3>>(int, T2, T3)",28.96,7.232,17.66
"void cudnn::ops::nchwToNhwcKernel<float, float, float, (bool)0, (bool)1, (cudnnKernelDataType_t)2>(cudnn::ops::nchw2nhwc_params_t<T3>, const T1 *, T2 *)",11.51,9.088,10.5
"void cudnn::ops::nchwToNhwcKernel<float, float, float, (bool)0, (bool)1, (cudnnKernelDataType_t)2>(cudnn::ops::nchw2nhwc_params_t<T3>, const T1 *, T2 *)",1.05,30.784,1.1
void cutlass_cudnn::Kernel<cutlass_tensorop_s1688fprop_optimized_tf32_128x128_16x4_nhwc_align4>(T1::Params),2.85,48.48,14.54
"void cudnn::ops::nhwcToNchwKernel<float, float, float, (bool)1, (bool)0, (cudnnKernelDataType_t)0>(cudnn::ops::nhwc2nchw_params_t<T3>, const T1 *, T2 *)",21.68,31.104,18.41
"void cudnn::bn_fw_inf_1C11_kernel_NCHW<float, float, (bool)1, (int)1>(T2, T2, cudnnTensorStruct, const T1 *, cudnnTensorStruct, T1 *, cudnnTensorStruct, const T2 *, const T2 *, const T2 *, const T2 *, T2)",7.25,93.952,6.13
"void at::native::vectorized_elementwise_kernel<(int)4, at::native::<unnamed>::launch_clamp_scalar(at::TensorIteratorBase &, c10::Scalar, c10::Scalar, at::native::detail::ClampLimits)::[lambda() (instance 1)]::operator ()() const::[lambda() (instance 14)]::operator ()() const::[lambda(float) (instance 1)], at::detail::Array<char *, (int)2>>(int, T2, T3)",30.57,20.448,23.31
"void at::native::<unnamed>::conv_depthwise2d_forward_kernel<(int)3, float, int>(at::GenericPackedTensorAccessor<T2, (unsigned long)4, at::DefaultPtrTraits, int>, at::GenericPackedTensorAccessor<T2, (unsigned long)4, at::DefaultPtrTraits, int>, at::GenericPackedTensorAccessor<T2, (unsigned long)4, at::DefaultPtrTraits, int>, at::GenericPackedTensorAccessor<T2, (unsigned long)1, at::DefaultPtrTraits, int>, bool, T3, int, int, int, int, int, int, int, int, int, int, int, int, int, int)",4.99,130.976,3.88
"void cudnn::bn_fw_inf_1C11_kernel_NCHW<float, float, (bool)1, (int)1>(T2, T2, cudnnTensorStruct, const T1 *, cudnnTensorStruct, T1 *, cudnnTensorStruct, const T2 *, const T2 *, const T2 *, const T2 *, T2)",7.33,93.536,6.39
"void at::native::vectorized_elementwise_kernel<(int)4, at::native::<unnamed>::launch_clamp_scalar(at::TensorIteratorBase &, c10::Scalar, c10::Scalar, at::native::detail::ClampLimits)::[lambda() (instance 1)]::operator ()() const::[lambda() (instance 14)]::operator ()() const::[lambda(float) (instance 1)], at::detail::Array<char *, (int)2>>(int, T2, T3)",30.66,20.416,23.21
"void cudnn::ops::nchwToNhwcKernel<float, float, float, (bool)0, (bool)1, (cudnnKernelDataType_t)2>(cudnn::ops::nchw2nhwc_params_t<T3>, const T1 *, T2 *)",24.17,27.392,20.98
"void cudnn::ops::nchwToNhwcKernel<float, float, float, (bool)0, (bool)1, (cudnnKernelDataType_t)2>(cudnn::ops::nchw2nhwc_params_t<T3>, const T1 *, T2 *)",1.08,29.888,1.13
void cutlass_cudnn::Kernel<cutlass_tensorop_s1688fprop_optimized_tf32_64x128_16x6_nhwc_align4>(T1::Params),8.8,74.496,11.48
"void cudnn::ops::nhwcToNchwKernel<float, float, float, (bool)1, (bool)0, (cudnnKernelDataType_t)0>(cudnn::ops::nhwc2nchw_params_t<T3>, const T1 *, T2 *)",10.11,10.368,9.67
"void cudnn::bn_fw_inf_1C11_kernel_NCHW<float, float, (bool)1, (int)1>(T2, T2, cudnnTensorStruct, const T1 *, cudnnTensorStruct, T1 *, cudnnTensorStruct, const T2 *, const T2 *, const T2 *, const T2 *, T2)",4.99,20.896,4.97
"void at::native::vectorized_elementwise_kernel<(int)4, at::native::CUDAFunctor_add<float>, at::detail::Array<char *, (int)3>>(int, T2, T3)",28.42,7.36,17.13
"void cudnn::ops::nchwToNhwcKernel<float, float, float, (bool)0, (bool)1, (cudnnKernelDataType_t)2>(cudnn::ops::nchw2nhwc_params_t<T3>, const T1 *, T2 *)",11.54,9.088,10.45
"void cudnn::ops::nchwToNhwcKernel<float, float, float, (bool)0, (bool)1, (cudnnKernelDataType_t)2>(cudnn::ops::nchw2nhwc_params_t<T3>, const T1 *, T2 *)",1.05,30.784,1.1
void cutlass_cudnn::Kernel<cutlass_tensorop_s1688fprop_optimized_tf32_128x128_16x4_nhwc_align4>(T1::Params),2.89,47.936,14.68
"void cudnn::ops::nhwcToNchwKernel<float, float, float, (bool)1, (bool)0, (cudnnKernelDataType_t)0>(cudnn::ops::nhwc2nchw_params_t<T3>, const T1 *, T2 *)",21.78,30.656,18.6
"void cudnn::bn_fw_inf_1C11_kernel_NCHW<float, float, (bool)1, (int)1>(T2, T2, cudnnTensorStruct, const T1 *, cudnnTensorStruct, T1 *, cudnnTensorStruct, const T2 *, const T2 *, const T2 *, const T2 *, T2)",7.17,93.824,6.13
"void at::native::vectorized_elementwise_kernel<(int)4, at::native::<unnamed>::launch_clamp_scalar(at::TensorIteratorBase &, c10::Scalar, c10::Scalar, at::native::detail::ClampLimits)::[lambda() (instance 1)]::operator ()() const::[lambda() (instance 14)]::operator ()() const::[lambda(float) (instance 1)], at::detail::Array<char *, (int)2>>(int, T2, T3)",31.05,20.096,23.64
"void at::native::<unnamed>::conv_depthwise2d_forward_kernel<(int)3, float, int>(at::GenericPackedTensorAccessor<T2, (unsigned long)4, at::DefaultPtrTraits, int>, at::GenericPackedTensorAccessor<T2, (unsigned long)4, at::DefaultPtrTraits, int>, at::GenericPackedTensorAccessor<T2, (unsigned long)4, at::DefaultPtrTraits, int>, at::GenericPackedTensorAccessor<T2, (unsigned long)1, at::DefaultPtrTraits, int>, bool, T3, int, int, int, int, int, int, int, int, int, int, int, int, int, int)",4.98,130.944,3.88
"void cudnn::bn_fw_inf_1C11_kernel_NCHW<float, float, (bool)1, (int)1>(T2, T2, cudnnTensorStruct, const T1 *, cudnnTensorStruct, T1 *, cudnnTensorStruct, const T2 *, const T2 *, const T2 *, const T2 *, T2)",7.27,93.76,6.38
"void at::native::vectorized_elementwise_kernel<(int)4, at::native::<unnamed>::launch_clamp_scalar(at::TensorIteratorBase &, c10::Scalar, c10::Scalar, at::native::detail::ClampLimits)::[lambda() (instance 1)]::operator ()() const::[lambda() (instance 14)]::operator ()() const::[lambda(float) (instance 1)], at::detail::Array<char *, (int)2>>(int, T2, T3)",30.59,20.416,23.23
"void cudnn::ops::nchwToNhwcKernel<float, float, float, (bool)0, (bool)1, (cudnnKernelDataType_t)2>(cudnn::ops::nchw2nhwc_params_t<T3>, const T1 *, T2 *)",23.59,28.032,20.55
"void cudnn::ops::nchwToNhwcKernel<float, float, float, (bool)0, (bool)1, (cudnnKernelDataType_t)2>(cudnn::ops::nchw2nhwc_params_t<T3>, const T1 *, T2 *)",1.18,54.112,1.1
void cutlass_cudnn::Kernel<cutlass_tensorop_s1688fprop_optimized_tf32_128x128_16x4_nhwc_align4>(T1::Params),9.33,73.824,14.66
"void cudnn::ops::nhwcToNchwKernel<float, float, float, (bool)1, (bool)0, (cudnnKernelDataType_t)0>(cudnn::ops::nhwc2nchw_params_t<T3>, const T1 *, T2 *)",14.05,14.88,13.1
"void cudnn::bn_fw_inf_1C11_kernel_NCHW<float, float, (bool)1, (int)1>(T2, T2, cudnnTensorStruct, const T1 *, cudnnTensorStruct, T1 *, cudnnTensorStruct, const T2 *, const T2 *, const T2 *, const T2 *, T2)",5.9,35.296,5.72
"void cudnn::ops::nchwToNhwcKernel<float, float, float, (bool)0, (bool)1, (cudnnKernelDataType_t)2>(cudnn::ops::nchw2nhwc_params_t<T3>, const T1 *, T2 *)",16.13,12.96,14.68
"void cudnn::ops::nchwToNhwcKernel<float, float, float, (bool)0, (bool)1, (cudnnKernelDataType_t)2>(cudnn::ops::nchw2nhwc_params_t<T3>, const T1 *, T2 *)",1.17,72.672,1.08
void cutlass_cudnn::Kernel<cutlass_tensorop_s1688fprop_optimized_tf32_128x128_16x4_nhwc_align4>(T1::Params),3.73,88.0,16.03
"void cudnn::ops::nhwcToNchwKernel<float, float, float, (bool)1, (bool)0, (cudnnKernelDataType_t)0>(cudnn::ops::nhwc2nchw_params_t<T3>, const T1 *, T2 *)",25.66,39.232,20.19
"void cudnn::bn_fw_inf_1C11_kernel_NCHW<float, float, (bool)1, (int)1>(T2, T2, cudnnTensorStruct, const T1 *, cudnnTensorStruct, T1 *, cudnnTensorStruct, const T2 *, const T2 *, const T2 *, const T2 *, T2)",8.62,121.792,6.58
"void at::native::vectorized_elementwise_kernel<(int)4, at::native::<unnamed>::launch_clamp_scalar(at::TensorIteratorBase &, c10::Scalar, c10::Scalar, at::native::detail::ClampLimits)::[lambda() (instance 1)]::operator ()() const::[lambda() (instance 14)]::operator ()() const::[lambda(float) (instance 1)], at::detail::Array<char *, (int)2>>(int, T2, T3)",33.43,25.344,24.87
"void at::native::reduce_kernel<(int)512, (int)1, at::native::ReduceOp<float, at::native::MeanOps<float, float>, unsigned int, float, (int)4>>(T3)",9.92,84.032,3.99
void cutlass::Kernel<cutlass_80_tensorop_s1688gemm_64x64_32x6_tn_align4>(T1::Params),10.22,27.744,6.71
